{
  "env": "gsm8k",
  "model": "gsm8k7b_grpo_s1",
  "n": 16,
  "num_examples": 100,
  "per_example_correct": [
    16,
    16,
    15,
    16,
    15,
    16,
    16,
    9,
    16,
    16,
    16,
    16,
    1,
    16,
    16,
    10,
    16,
    16,
    16,
    16,
    15,
    4,
    16,
    16,
    16,
    16,
    16,
    16,
    16,
    16,
    16,
    16,
    16,
    16,
    16,
    16,
    16,
    0,
    15,
    15,
    16,
    14,
    16,
    16,
    16,
    16,
    16,
    16,
    16,
    16,
    16,
    16,
    16,
    16,
    16,
    16,
    16,
    16,
    11,
    16,
    16,
    16,
    0,
    16,
    16,
    16,
    16,
    16,
    16,
    16,
    16,
    16,
    16,
    14,
    16,
    7,
    13,
    16,
    13,
    16,
    16,
    16,
    16,
    16,
    16,
    16,
    12,
    0,
    16,
    1,
    16,
    16,
    14,
    15,
    16,
    16,
    16,
    16,
    11,
    16
  ],
  "pass_at_k": {
    "1": 0.91,
    "2": 0.9380833333333334,
    "3": 0.946875,
    "4": 0.9512527472527472,
    "5": 0.9540819597069597,
    "6": 0.9562312687312687,
    "7": 0.9580253496503497,
    "8": 0.9596083916083916,
    "9": 0.9610568181818182,
    "10": 0.9624175824175825,
    "11": 0.9637225274725274,
    "12": 0.9649945054945054,
    "13": 0.96625,
    "14": 0.9675,
    "15": 0.96875,
    "16": 0.97
  }
}