{
  "env": "reasoning_gym_env",
  "model": "rgym_vec_s1",
  "n": 16,
  "num_examples": 100,
  "per_example_correct": [
    3,
    3,
    0,
    10,
    0,
    0,
    0,
    0,
    0,
    0,
    16,
    2,
    12,
    0,
    0,
    0,
    0,
    0,
    0,
    0,
    0,
    0,
    0,
    0,
    0,
    0,
    8,
    0,
    8,
    0,
    0,
    0,
    0,
    0,
    0,
    1,
    0,
    0,
    1,
    0,
    0,
    0,
    12,
    0,
    0,
    1,
    0,
    0,
    0,
    0,
    0,
    0,
    0,
    0,
    0,
    0,
    0,
    0,
    0,
    0,
    0,
    16,
    0,
    4,
    0,
    1,
    0,
    1,
    0,
    14,
    0,
    1,
    0,
    0,
    0,
    0,
    0,
    14,
    0,
    0,
    3,
    5,
    0,
    0,
    16,
    0,
    0,
    0,
    8,
    16,
    2,
    0,
    0,
    0,
    0,
    0,
    0,
    12,
    1,
    0
  ],
  "pass_at_k": {
    "1": 0.119375,
    "2": 0.15408333333333332,
    "3": 0.17435714285714288,
    "4": 0.18892857142857142,
    "5": 0.20059981684981687,
    "6": 0.2104845154845155,
    "7": 0.21912325174825173,
    "8": 0.22681818181818184,
    "9": 0.2337596153846154,
    "10": 0.24008241758241758,
    "11": 0.24589285714285716,
    "12": 0.25128021978021975,
    "13": 0.2563214285714286,
    "14": 0.26108333333333333,
    "15": 0.265625,
    "16": 0.27
  }
}