{
  "env": "code_mbpp",
  "model": "Qwen/Qwen2.5-1.5B-Instruct",
  "n": 16,
  "num_examples": 100,
  "per_example_correct": [
    0,
    0,
    0,
    0,
    2,
    0,
    0,
    0,
    0,
    0,
    0,
    0,
    0,
    0,
    0,
    0,
    0,
    0,
    0,
    0,
    3,
    0,
    0,
    0,
    0,
    0,
    0,
    0,
    5,
    0,
    0,
    0,
    0,
    8,
    0,
    0,
    0,
    0,
    0,
    5,
    11,
    0,
    0,
    0,
    0,
    0,
    5,
    1,
    0,
    5,
    0,
    7,
    0,
    0,
    0,
    0,
    0,
    0,
    0,
    1,
    0,
    7,
    0,
    0,
    0,
    0,
    0,
    0,
    0,
    0,
    0,
    0,
    9,
    0,
    0,
    0,
    0,
    0,
    0,
    0,
    0,
    0,
    0,
    0,
    0,
    8,
    2,
    0,
    0,
    0,
    0,
    2,
    0,
    0,
    0,
    0,
    0,
    0,
    0,
    0
  ],
  "pass_at_k": {
    "1": 0.050625,
    "2": 0.08166666666666667,
    "3": 0.10155357142857141,
    "4": 0.11494505494505494,
    "5": 0.12443910256410257,
    "6": 0.131510989010989,
    "7": 0.13701835664335665,
    "8": 0.1414716394716395,
    "9": 0.14518094405594406,
    "10": 0.14833791208791208,
    "11": 0.15106227106227105,
    "12": 0.15342857142857144,
    "13": 0.15548214285714285,
    "14": 0.15725,
    "15": 0.15875,
    "16": 0.16
  }
}