{
  "env": "code_mbpp",
  "model": "mbpp7b_vec_s2",
  "n": 16,
  "num_examples": 100,
  "per_example_correct": [
    0,
    0,
    0,
    0,
    0,
    0,
    0,
    0,
    0,
    0,
    0,
    0,
    0,
    0,
    0,
    0,
    0,
    0,
    0,
    0,
    0,
    0,
    0,
    0,
    0,
    1,
    0,
    0,
    0,
    0,
    0,
    0,
    0,
    0,
    0,
    0,
    0,
    0,
    0,
    6,
    16,
    0,
    0,
    0,
    0,
    0,
    0,
    0,
    16,
    16,
    0,
    16,
    0,
    0,
    0,
    0,
    0,
    0,
    0,
    16,
    0,
    0,
    0,
    0,
    0,
    0,
    0,
    0,
    0,
    0,
    0,
    0,
    9,
    0,
    0,
    0,
    0,
    0,
    0,
    0,
    0,
    0,
    0,
    0,
    0,
    16,
    16,
    0,
    0,
    0,
    0,
    0,
    0,
    0,
    10,
    0,
    0,
    16,
    0,
    0
  ],
  "pass_at_k": {
    "1": 0.09625,
    "2": 0.1045,
    "3": 0.10875,
    "4": 0.11107142857142857,
    "5": 0.11248626373626375,
    "6": 0.11347777222777224,
    "7": 0.11426923076923076,
    "8": 0.11496503496503496,
    "9": 0.11561625874125873,
    "10": 0.11624875124875125,
    "11": 0.116875,
    "12": 0.1175,
    "13": 0.118125,
    "14": 0.11875,
    "15": 0.119375,
    "16": 0.12
  }
}