{
  "model": "corrdir_s10",
  "n": 16,
  "num_tasks": 14,
  "per_task_correct": {
    "wc_words": 16,
    "wc_lines": 16,
    "file_size": 16,
    "list_etc": 0,
    "find_py": 6,
    "find_exec": 0,
    "sort_uniq": 3,
    "head_lines": 7,
    "grep_ip": 0,
    "awk_users": 11,
    "python_version": 12,
    "os_info": 0,
    "pwd_check": 9,
    "env_home": 9
  },
  "pass_at_k": {
    "1": 0.46875,
    "2": 0.5851190476190476,
    "3": 0.6410714285714285,
    "4": 0.670054945054945,
    "5": 0.6863553113553114,
    "6": 0.696232339089482,
    "7": 0.702584915084915,
    "8": 0.7068431568431569,
    "9": 0.7097527472527473,
    "10": 0.7117257742257743,
    "11": 0.7130102040816327,
    "12": 0.7137755102040817,
    "13": 0.7141581632653061,
    "14": 0.7142857142857143,
    "15": 0.7142857142857143,
    "16": 0.7142857142857143
  }
}