{
  "env": "code_mbpp",
  "model": "code_mbpp_grpo_s3",
  "n": 16,
  "num_examples": 100,
  "per_example_correct": [
    0,
    0,
    0,
    0,
    7,
    0,
    0,
    0,
    0,
    0,
    0,
    0,
    0,
    0,
    3,
    0,
    0,
    0,
    1,
    0,
    7,
    0,
    0,
    0,
    0,
    0,
    0,
    0,
    3,
    0,
    0,
    0,
    0,
    3,
    0,
    0,
    0,
    0,
    0,
    5,
    12,
    0,
    0,
    0,
    0,
    0,
    10,
    1,
    2,
    11,
    0,
    9,
    0,
    0,
    0,
    0,
    0,
    0,
    0,
    6,
    0,
    6,
    0,
    0,
    0,
    0,
    0,
    0,
    0,
    0,
    0,
    0,
    15,
    0,
    0,
    0,
    0,
    0,
    4,
    0,
    0,
    0,
    0,
    0,
    0,
    14,
    1,
    0,
    0,
    0,
    0,
    5,
    0,
    0,
    0,
    0,
    0,
    0,
    0,
    0
  ],
  "pass_at_k": {
    "1": 0.078125,
    "2": 0.11408333333333333,
    "3": 0.1354642857142857,
    "4": 0.14986813186813186,
    "5": 0.16022893772893773,
    "6": 0.1680194805194805,
    "7": 0.17408216783216784,
    "8": 0.17894172494172494,
    "9": 0.18294230769230768,
    "10": 0.1863161838161838,
    "11": 0.18922390109890108,
    "12": 0.19178021978021978,
    "13": 0.1940714285714286,
    "14": 0.19616666666666668,
    "15": 0.198125,
    "16": 0.2
  }
}