{
  "env": "reasoning_gym_env",
  "model": "rgym_fixed_s2",
  "n": 16,
  "num_examples": 100,
  "per_example_correct": [
    1,
    0,
    0,
    5,
    0,
    0,
    0,
    0,
    0,
    0,
    16,
    2,
    10,
    3,
    0,
    0,
    0,
    0,
    0,
    0,
    0,
    0,
    0,
    0,
    0,
    0,
    9,
    0,
    5,
    0,
    0,
    0,
    0,
    0,
    0,
    3,
    0,
    0,
    5,
    0,
    0,
    0,
    13,
    0,
    0,
    3,
    0,
    0,
    0,
    0,
    0,
    0,
    0,
    0,
    0,
    0,
    0,
    0,
    0,
    0,
    0,
    13,
    2,
    2,
    0,
    1,
    0,
    3,
    0,
    11,
    0,
    3,
    0,
    0,
    0,
    0,
    0,
    7,
    0,
    0,
    4,
    4,
    0,
    3,
    12,
    0,
    0,
    0,
    3,
    15,
    0,
    0,
    0,
    1,
    0,
    0,
    0,
    7,
    0,
    0
  ],
  "pass_at_k": {
    "1": 0.10375,
    "2": 0.14991666666666667,
    "3": 0.1794107142857143,
    "4": 0.20092857142857143,
    "5": 0.21755952380952379,
    "6": 0.23074175824175824,
    "7": 0.2413111888111888,
    "8": 0.24983216783216783,
    "9": 0.2567194055944056,
    "10": 0.26229395604395606,
    "11": 0.26681318681318683,
    "12": 0.27048901098901096,
    "13": 0.2735,
    "14": 0.276,
    "15": 0.278125,
    "16": 0.28
  }
}