{
  "env": "gsm8k",
  "model": "gsm8k7b_grpo_s3",
  "n": 16,
  "num_examples": 100,
  "per_example_correct": [
    16,
    16,
    14,
    16,
    14,
    15,
    16,
    5,
    16,
    16,
    16,
    16,
    1,
    16,
    16,
    11,
    16,
    16,
    16,
    16,
    15,
    6,
    16,
    16,
    16,
    16,
    16,
    16,
    16,
    16,
    16,
    16,
    16,
    16,
    16,
    16,
    16,
    3,
    16,
    13,
    16,
    14,
    16,
    16,
    16,
    16,
    16,
    16,
    16,
    16,
    16,
    16,
    16,
    16,
    16,
    16,
    16,
    16,
    11,
    16,
    16,
    16,
    0,
    16,
    16,
    16,
    16,
    16,
    16,
    16,
    16,
    16,
    16,
    11,
    16,
    11,
    13,
    16,
    15,
    16,
    16,
    16,
    16,
    16,
    16,
    16,
    11,
    1,
    16,
    0,
    16,
    16,
    14,
    15,
    16,
    16,
    16,
    16,
    11,
    16
  ],
  "pass_at_k": {
    "1": 0.91,
    "2": 0.9418333333333334,
    "3": 0.9524464285714285,
    "4": 0.9579395604395604,
    "5": 0.9616552197802197,
    "6": 0.964517982017982,
    "7": 0.9668566433566435,
    "8": 0.9688368298368298,
    "9": 0.9705681818181818,
    "10": 0.9721278721278722,
    "11": 0.9735691391941391,
    "12": 0.9749285714285715,
    "13": 0.9762321428571429,
    "14": 0.9775,
    "15": 0.97875,
    "16": 0.98
  }
}