{
  "env": "gsm8k",
  "model": "gsm8k_mgda_s1",
  "n": 16,
  "num_examples": 100,
  "per_example_correct": [
    7,
    14,
    3,
    9,
    10,
    7,
    12,
    0,
    0,
    6,
    6,
    5,
    0,
    7,
    8,
    3,
    8,
    5,
    6,
    1,
    4,
    0,
    11,
    15,
    8,
    12,
    12,
    12,
    7,
    13,
    14,
    11,
    11,
    9,
    10,
    3,
    6,
    1,
    5,
    8,
    14,
    3,
    16,
    2,
    4,
    13,
    4,
    8,
    15,
    11,
    12,
    0,
    8,
    13,
    1,
    11,
    6,
    13,
    0,
    14,
    3,
    8,
    0,
    11,
    9,
    3,
    7,
    7,
    10,
    14,
    5,
    15,
    15,
    6,
    7,
    3,
    14,
    16,
    10,
    11,
    9,
    15,
    8,
    14,
    7,
    2,
    5,
    1,
    15,
    4,
    14,
    9,
    12,
    7,
    11,
    11,
    14,
    7,
    2,
    2
  ],
  "pass_at_k": {
    "1": 0.5,
    "2": 0.6770833333333333,
    "3": 0.7627857142857143,
    "4": 0.8120604395604396,
    "5": 0.8433127289377289,
    "6": 0.8645492007992007,
    "7": 0.8797840909090909,
    "8": 0.8912012432012432,
    "9": 0.9000541958041959,
    "10": 0.9070941558441558,
    "11": 0.9127953296703296,
    "12": 0.917478021978022,
    "13": 0.921375,
    "14": 0.9246666666666666,
    "15": 0.9275,
    "16": 0.93
  }
}