{
  "env": "wordle",
  "model": "wordle_vec_s3",
  "n": 16,
  "num_examples": 20,
  "per_example_correct": [
    0,
    1,
    0,
    0,
    0,
    1,
    2,
    1,
    1,
    0,
    1,
    1,
    0,
    0,
    0,
    0,
    0,
    0,
    2,
    1
  ],
  "pass_at_k": {
    "1": 0.034375,
    "2": 0.06791666666666667,
    "3": 0.100625,
    "4": 0.1325,
    "5": 0.16354166666666667,
    "6": 0.19375,
    "7": 0.22312500000000002,
    "8": 0.25166666666666665,
    "9": 0.27937500000000004,
    "10": 0.30625,
    "11": 0.33229166666666665,
    "12": 0.35750000000000004,
    "13": 0.381875,
    "14": 0.4054166666666667,
    "15": 0.428125,
    "16": 0.45
  }
}