{
  "model": "corrfixed_s8",
  "n": 16,
  "num_tasks": 14,
  "per_task_correct": {
    "wc_words": 16,
    "wc_lines": 16,
    "file_size": 16,
    "list_etc": 0,
    "find_py": 8,
    "find_exec": 0,
    "sort_uniq": 1,
    "head_lines": 16,
    "grep_ip": 2,
    "awk_users": 16,
    "python_version": 16,
    "os_info": 3,
    "pwd_check": 16,
    "env_home": 16
  },
  "pass_at_k": {
    "1": 0.6339285714285714,
    "2": 0.6773809523809523,
    "3": 0.7090561224489795,
    "4": 0.7334772370486656,
    "5": 0.7533359497645212,
    "6": 0.7701584130155558,
    "7": 0.7847714785214785,
    "8": 0.7976134976134975,
    "9": 0.8089285714285713,
    "10": 0.8188775510204082,
    "11": 0.827593537414966,
    "12": 0.835204081632653,
    "13": 0.8418367346938777,
    "14": 0.8476190476190476,
    "15": 0.8526785714285714,
    "16": 0.8571428571428571
  }
}