{
  "env": "tool_test",
  "model": "tooltest_fixed_s3",
  "n": 16,
  "num_examples": 100,
  "per_example_correct": [
    16,
    16,
    16,
    13,
    16,
    11,
    15,
    15,
    12,
    16,
    16,
    16,
    16,
    16,
    16,
    16,
    16,
    16,
    16,
    16,
    16,
    16,
    16,
    16,
    16,
    16,
    16,
    15,
    16,
    16,
    16,
    16,
    16,
    16,
    16,
    16,
    16,
    16,
    16,
    16,
    16,
    16,
    16,
    16,
    16,
    16,
    16,
    16,
    16,
    16,
    16,
    16,
    16,
    15,
    16,
    16,
    16,
    12,
    16,
    16,
    16,
    16,
    16,
    16,
    16,
    16,
    16,
    16,
    16,
    16,
    16,
    16,
    16,
    16,
    10,
    12,
    16,
    16,
    16,
    16,
    16,
    16,
    16,
    16,
    16,
    16,
    16,
    16,
    16,
    16,
    16,
    16,
    16,
    16,
    16,
    13,
    16,
    16,
    16,
    16
  ],
  "pass_at_k": {
    "1": 0.979375,
    "2": 0.9959166666666667,
    "3": 0.9992142857142858,
    "4": 0.9998736263736263,
    "5": 0.9999839743589743,
    "6": 0.9999987512487514,
    "7": 1.0,
    "8": 1.0,
    "9": 1.0,
    "10": 1.0,
    "11": 1.0,
    "12": 1.0,
    "13": 1.0,
    "14": 1.0,
    "15": 1.0,
    "16": 1.0
  }
}