{
  "model": "corrfixed_s4",
  "n": 16,
  "num_tasks": 14,
  "per_task_correct": {
    "wc_words": 16,
    "wc_lines": 16,
    "file_size": 16,
    "list_etc": 0,
    "find_py": 6,
    "find_exec": 0,
    "sort_uniq": 3,
    "head_lines": 12,
    "grep_ip": 0,
    "awk_users": 13,
    "python_version": 13,
    "os_info": 0,
    "pwd_check": 15,
    "env_home": 16
  },
  "pass_at_k": {
    "1": 0.5625,
    "2": 0.6339285714285714,
    "3": 0.661734693877551,
    "4": 0.6779434850863423,
    "5": 0.6891189167974883,
    "6": 0.6971064649636078,
    "7": 0.7028221778221778,
    "8": 0.7068931068931069,
    "9": 0.709758991008991,
    "10": 0.7117257742257743,
    "11": 0.7130102040816327,
    "12": 0.7137755102040817,
    "13": 0.7141581632653061,
    "14": 0.7142857142857143,
    "15": 0.7142857142857143,
    "16": 0.7142857142857143
  }
}