{
  "env": "code_mbpp",
  "model": "mbpp7b_fixed_s2",
  "n": 16,
  "num_examples": 100,
  "per_example_correct": [
    0,
    0,
    0,
    0,
    0,
    0,
    0,
    0,
    0,
    0,
    0,
    0,
    0,
    0,
    0,
    0,
    0,
    0,
    0,
    0,
    0,
    0,
    0,
    0,
    0,
    0,
    0,
    0,
    11,
    0,
    0,
    0,
    0,
    0,
    0,
    0,
    0,
    0,
    0,
    6,
    16,
    0,
    0,
    0,
    0,
    0,
    8,
    0,
    16,
    16,
    0,
    16,
    0,
    0,
    0,
    0,
    0,
    0,
    0,
    10,
    0,
    9,
    0,
    0,
    0,
    0,
    0,
    0,
    0,
    0,
    0,
    0,
    9,
    0,
    0,
    0,
    0,
    0,
    0,
    0,
    0,
    0,
    0,
    0,
    0,
    16,
    16,
    0,
    0,
    0,
    0,
    0,
    0,
    0,
    10,
    0,
    0,
    14,
    0,
    0
  ],
  "pass_at_k": {
    "1": 0.108125,
    "2": 0.127,
    "3": 0.1347142857142857,
    "4": 0.13788461538461538,
    "5": 0.13916895604395604,
    "6": 0.13968281718281716,
    "7": 0.13988636363636364,
    "8": 0.13996425796425796,
    "9": 0.13999125874125873,
    "10": 0.13999875124875125,
    "11": 0.14,
    "12": 0.14,
    "13": 0.14,
    "14": 0.14,
    "15": 0.14,
    "16": 0.14
  }
}