{
  "env": "reasoning_gym_env",
  "model": "rgym_mgda_s3",
  "n": 16,
  "num_examples": 100,
  "per_example_correct": [
    1,
    0,
    0,
    1,
    2,
    0,
    0,
    0,
    0,
    0,
    9,
    0,
    5,
    0,
    0,
    0,
    0,
    0,
    0,
    0,
    0,
    0,
    0,
    0,
    0,
    0,
    0,
    0,
    4,
    0,
    0,
    0,
    0,
    0,
    0,
    0,
    0,
    0,
    0,
    0,
    0,
    0,
    5,
    0,
    0,
    1,
    0,
    0,
    0,
    0,
    0,
    0,
    0,
    0,
    0,
    0,
    0,
    0,
    0,
    0,
    0,
    6,
    0,
    0,
    0,
    1,
    0,
    0,
    0,
    4,
    2,
    0,
    0,
    0,
    0,
    0,
    0,
    8,
    0,
    0,
    5,
    0,
    0,
    0,
    5,
    0,
    0,
    0,
    7,
    1,
    0,
    0,
    0,
    0,
    0,
    0,
    0,
    0,
    0,
    0
  ],
  "pass_at_k": {
    "1": 0.041875,
    "2": 0.07091666666666667,
    "3": 0.0914642857142857,
    "4": 0.10638461538461538,
    "5": 0.11755952380952381,
    "6": 0.12622377622377623,
    "7": 0.1331923076923077,
    "8": 0.139008547008547,
    "9": 0.14403846153846153,
    "10": 0.14852897102897103,
    "11": 0.15264423076923075,
    "12": 0.156489010989011,
    "13": 0.160125,
    "14": 0.16358333333333333,
    "15": 0.166875,
    "16": 0.17
  }
}