{
  "model": "mgdas1",
  "n": 16,
  "num_tasks": 14,
  "per_task_correct": {
    "wc_words": 16,
    "wc_lines": 11,
    "file_size": 15,
    "list_etc": 0,
    "find_py": 2,
    "find_exec": 0,
    "sort_uniq": 2,
    "head_lines": 12,
    "grep_ip": 8,
    "awk_users": 11,
    "python_version": 15,
    "os_info": 4,
    "pwd_check": 10,
    "env_home": 10
  },
  "pass_at_k": {
    "1": 0.5178571428571429,
    "2": 0.6595238095238095,
    "3": 0.7209183673469388,
    "4": 0.7547880690737834,
    "5": 0.7775706436420722,
    "6": 0.7950620807763665,
    "7": 0.8092907092907093,
    "8": 0.8210567210567211,
    "9": 0.8307692307692307,
    "10": 0.8386970172684458,
    "11": 0.8450418628990057,
    "12": 0.849960753532182,
    "13": 0.8535714285714285,
    "14": 0.855952380952381,
    "15": 0.8571428571428571,
    "16": 0.8571428571428571
  }
}