{
  "model": "ctrl",
  "n": 16,
  "num_tasks": 14,
  "per_task_correct": {
    "wc_words": 16,
    "wc_lines": 16,
    "file_size": 16,
    "list_etc": 0,
    "find_py": 3,
    "find_exec": 0,
    "sort_uniq": 1,
    "head_lines": 12,
    "grep_ip": 0,
    "awk_users": 8,
    "python_version": 7,
    "os_info": 14,
    "pwd_check": 4,
    "env_home": 12
  },
  "pass_at_k": {
    "1": 0.48660714285714285,
    "2": 0.5916666666666667,
    "3": 0.6442602040816326,
    "4": 0.6768838304552591,
    "5": 0.6996336996336997,
    "6": 0.7165245468816898,
    "7": 0.7296016483516484,
    "8": 0.7400543900543901,
    "9": 0.7486201298701298,
    "10": 0.7557888540031398,
    "11": 0.761921114599686,
    "12": 0.7673076923076924,
    "13": 0.7721938775510203,
    "14": 0.7767857142857143,
    "15": 0.78125,
    "16": 0.7857142857142857
  }
}