{
  "env": "code_mbpp",
  "model": "mbpp7b_grpo_s2",
  "n": 16,
  "num_examples": 100,
  "per_example_correct": [
    0,
    0,
    0,
    0,
    12,
    0,
    0,
    0,
    0,
    0,
    0,
    0,
    0,
    0,
    2,
    0,
    0,
    0,
    2,
    0,
    0,
    0,
    0,
    0,
    0,
    0,
    0,
    0,
    16,
    0,
    0,
    0,
    0,
    12,
    0,
    0,
    0,
    0,
    0,
    5,
    16,
    0,
    0,
    0,
    0,
    0,
    16,
    9,
    0,
    11,
    0,
    16,
    0,
    0,
    0,
    0,
    0,
    0,
    0,
    0,
    0,
    16,
    0,
    0,
    0,
    0,
    0,
    0,
    0,
    0,
    0,
    0,
    16,
    0,
    0,
    0,
    0,
    0,
    0,
    0,
    0,
    0,
    0,
    0,
    0,
    16,
    16,
    0,
    0,
    0,
    0,
    0,
    0,
    0,
    3,
    0,
    0,
    0,
    0,
    0
  ],
  "pass_at_k": {
    "1": 0.115,
    "2": 0.13016666666666665,
    "3": 0.138,
    "4": 0.14302747252747253,
    "5": 0.14677884615384615,
    "6": 0.1497714785214785,
    "7": 0.15221066433566433,
    "8": 0.15420512820512822,
    "9": 0.15582692307692306,
    "10": 0.15712912087912087,
    "11": 0.15815247252747253,
    "12": 0.15892857142857142,
    "13": 0.15948214285714285,
    "14": 0.15983333333333336,
    "15": 0.16,
    "16": 0.16
  }
}