{
  "env": "wordle",
  "model": "wordle_grpo_s2",
  "n": 16,
  "num_examples": 20,
  "per_example_correct": [
    0,
    0,
    0,
    0,
    1,
    0,
    0,
    0,
    0,
    0,
    0,
    0,
    0,
    0,
    0,
    0,
    0,
    0,
    0,
    0
  ],
  "pass_at_k": {
    "1": 0.003125,
    "2": 0.00625,
    "3": 0.009375,
    "4": 0.0125,
    "5": 0.015625,
    "6": 0.01875,
    "7": 0.021875,
    "8": 0.025,
    "9": 0.028125,
    "10": 0.03125,
    "11": 0.034375,
    "12": 0.0375,
    "13": 0.040625,
    "14": 0.04375,
    "15": 0.046875,
    "16": 0.05
  }
}