{
  "model": "corrfixed_s5",
  "n": 16,
  "num_tasks": 14,
  "per_task_correct": {
    "wc_words": 16,
    "wc_lines": 16,
    "file_size": 16,
    "list_etc": 0,
    "find_py": 4,
    "find_exec": 0,
    "sort_uniq": 0,
    "head_lines": 9,
    "grep_ip": 0,
    "awk_users": 14,
    "python_version": 7,
    "os_info": 4,
    "pwd_check": 1,
    "env_home": 8
  },
  "pass_at_k": {
    "1": 0.42410714285714285,
    "2": 0.5220238095238096,
    "3": 0.5778061224489797,
    "4": 0.6127943485086342,
    "5": 0.6359563055991628,
    "6": 0.6520979020979022,
    "7": 0.663936063936064,
    "8": 0.673021423021423,
    "9": 0.6802822177822178,
    "10": 0.6863226059654631,
    "11": 0.6915718210361067,
    "12": 0.6963500784929356,
    "13": 0.7008928571428571,
    "14": 0.7053571428571429,
    "15": 0.7098214285714286,
    "16": 0.7142857142857143
  }
}