{
  "env": "code_mbpp",
  "model": "code_mbpp_vec_s3",
  "n": 16,
  "num_examples": 100,
  "per_example_correct": [
    0,
    6,
    0,
    0,
    16,
    0,
    0,
    0,
    0,
    0,
    0,
    0,
    0,
    1,
    0,
    0,
    0,
    0,
    0,
    0,
    0,
    0,
    0,
    0,
    0,
    1,
    0,
    0,
    1,
    0,
    0,
    0,
    0,
    0,
    0,
    0,
    0,
    0,
    0,
    3,
    8,
    0,
    0,
    0,
    0,
    0,
    0,
    0,
    9,
    5,
    0,
    10,
    0,
    0,
    0,
    0,
    0,
    0,
    0,
    6,
    0,
    0,
    0,
    0,
    0,
    0,
    0,
    0,
    0,
    0,
    0,
    0,
    1,
    0,
    0,
    0,
    0,
    0,
    11,
    0,
    0,
    0,
    0,
    0,
    0,
    10,
    1,
    0,
    0,
    0,
    0,
    0,
    0,
    0,
    0,
    0,
    0,
    7,
    0,
    0
  ],
  "pass_at_k": {
    "1": 0.06,
    "2": 0.08725,
    "3": 0.10301785714285713,
    "4": 0.112989010989011,
    "5": 0.11997252747252748,
    "6": 0.12535464535464536,
    "7": 0.12983741258741258,
    "8": 0.1337940947940948,
    "9": 0.13743356643356644,
    "10": 0.14087662337662338,
    "11": 0.1441941391941392,
    "12": 0.14742857142857144,
    "13": 0.15060714285714286,
    "14": 0.15375,
    "15": 0.156875,
    "16": 0.16
  }
}