{
  "env": "tool_test",
  "model": "tooltest_vec_s3",
  "n": 16,
  "num_examples": 100,
  "per_example_correct": [
    16,
    16,
    16,
    16,
    16,
    16,
    16,
    16,
    16,
    16,
    14,
    15,
    16,
    16,
    16,
    16,
    16,
    15,
    16,
    14,
    16,
    16,
    16,
    16,
    16,
    12,
    16,
    16,
    16,
    16,
    16,
    16,
    16,
    16,
    16,
    16,
    16,
    16,
    16,
    16,
    16,
    14,
    12,
    16,
    16,
    16,
    16,
    16,
    16,
    16,
    16,
    13,
    16,
    16,
    16,
    16,
    16,
    16,
    16,
    16,
    16,
    16,
    16,
    16,
    15,
    16,
    16,
    16,
    16,
    16,
    16,
    16,
    16,
    16,
    16,
    13,
    16,
    16,
    16,
    16,
    16,
    16,
    16,
    16,
    16,
    16,
    16,
    16,
    16,
    16,
    16,
    16,
    16,
    16,
    16,
    13,
    16,
    15,
    16,
    16
  ],
  "pass_at_k": {
    "1": 0.983125,
    "2": 0.998,
    "3": 0.9998035714285715,
    "4": 0.999989010989011,
    "5": 1.0,
    "6": 1.0,
    "7": 1.0,
    "8": 1.0,
    "9": 1.0,
    "10": 1.0,
    "11": 1.0,
    "12": 1.0,
    "13": 1.0,
    "14": 1.0,
    "15": 1.0,
    "16": 1.0
  }
}