{
  "env": "code_mbpp",
  "model": "mbpp7b_fixed_s3",
  "n": 16,
  "num_examples": 100,
  "per_example_correct": [
    0,
    0,
    0,
    0,
    0,
    0,
    0,
    0,
    0,
    0,
    0,
    0,
    0,
    0,
    0,
    0,
    0,
    0,
    0,
    0,
    0,
    0,
    0,
    0,
    0,
    1,
    0,
    0,
    0,
    0,
    0,
    0,
    0,
    0,
    0,
    0,
    0,
    0,
    0,
    3,
    16,
    0,
    0,
    0,
    0,
    0,
    0,
    0,
    16,
    16,
    0,
    16,
    0,
    0,
    0,
    0,
    0,
    0,
    0,
    16,
    0,
    0,
    0,
    0,
    0,
    0,
    0,
    0,
    0,
    0,
    0,
    0,
    10,
    0,
    0,
    0,
    0,
    0,
    0,
    0,
    0,
    0,
    0,
    0,
    0,
    16,
    16,
    0,
    0,
    0,
    0,
    0,
    0,
    0,
    9,
    0,
    0,
    16,
    0,
    0
  ],
  "pass_at_k": {
    "1": 0.094375,
    "2": 0.10175000000000001,
    "3": 0.10578571428571429,
    "4": 0.10829670329670331,
    "5": 0.11011675824175825,
    "6": 0.11159715284715284,
    "7": 0.11287412587412587,
    "8": 0.114,
    "9": 0.115,
    "10": 0.11589285714285713,
    "11": 0.11669642857142858,
    "12": 0.11742857142857144,
    "13": 0.11810714285714285,
    "14": 0.11875,
    "15": 0.119375,
    "16": 0.12
  }
}