{
  "model": "corrs2",
  "n": 16,
  "num_tasks": 14,
  "per_task_correct": {
    "wc_words": 16,
    "wc_lines": 16,
    "file_size": 16,
    "list_etc": 0,
    "find_py": 7,
    "find_exec": 0,
    "sort_uniq": 1,
    "head_lines": 2,
    "grep_ip": 0,
    "awk_users": 13,
    "python_version": 4,
    "os_info": 3,
    "pwd_check": 4,
    "env_home": 5
  },
  "pass_at_k": {
    "1": 0.38839285714285715,
    "2": 0.4880952380952381,
    "3": 0.5567602040816327,
    "4": 0.6080455259026688,
    "5": 0.6473050758765044,
    "6": 0.6776259454830883,
    "7": 0.7012175324675324,
    "8": 0.7197302697302697,
    "9": 0.7344030969030969,
    "10": 0.7461734693877551,
    "11": 0.7557561486132914,
    "12": 0.7636970172684459,
    "13": 0.7704081632653061,
    "14": 0.7761904761904762,
    "15": 0.78125,
    "16": 0.7857142857142857
  }
}