{
  "env": "code_mbpp",
  "model": "mbpp7b_mgda_s1",
  "n": 16,
  "num_examples": 100,
  "per_example_correct": [
    0,
    0,
    0,
    0,
    9,
    0,
    0,
    0,
    0,
    0,
    0,
    0,
    0,
    0,
    0,
    0,
    0,
    0,
    8,
    0,
    0,
    0,
    0,
    0,
    0,
    0,
    0,
    0,
    15,
    0,
    0,
    0,
    0,
    9,
    0,
    0,
    0,
    0,
    0,
    8,
    10,
    0,
    0,
    0,
    0,
    0,
    16,
    9,
    0,
    13,
    0,
    13,
    0,
    0,
    0,
    0,
    0,
    0,
    0,
    0,
    0,
    16,
    0,
    0,
    0,
    0,
    0,
    0,
    0,
    0,
    0,
    0,
    16,
    0,
    0,
    0,
    0,
    0,
    0,
    0,
    0,
    0,
    0,
    0,
    1,
    16,
    12,
    0,
    0,
    0,
    0,
    0,
    0,
    0,
    2,
    0,
    0,
    0,
    0,
    0
  ],
  "pass_at_k": {
    "1": 0.108125,
    "2": 0.1315,
    "3": 0.14103571428571426,
    "4": 0.14556593406593407,
    "5": 0.1481272893772894,
    "6": 0.1499025974025974,
    "7": 0.15135839160839162,
    "8": 0.15266511266511265,
    "9": 0.15387499999999998,
    "10": 0.155,
    "11": 0.15604166666666666,
    "12": 0.157,
    "13": 0.157875,
    "14": 0.15866666666666668,
    "15": 0.159375,
    "16": 0.16
  }
}