{
  "model": "k5step40",
  "n": 16,
  "num_tasks": 14,
  "per_task_correct": {
    "wc_words": 15,
    "wc_lines": 13,
    "file_size": 16,
    "list_etc": 0,
    "find_py": 3,
    "find_exec": 0,
    "sort_uniq": 1,
    "head_lines": 11,
    "grep_ip": 6,
    "awk_users": 15,
    "python_version": 14,
    "os_info": 8,
    "pwd_check": 1,
    "env_home": 4
  },
  "pass_at_k": {
    "1": 0.47767857142857145,
    "2": 0.5946428571428571,
    "3": 0.6526785714285713,
    "4": 0.6913265306122449,
    "5": 0.7198783359497645,
    "6": 0.7421863850435279,
    "7": 0.7603271728271729,
    "8": 0.7755688755688757,
    "9": 0.7887425074925075,
    "10": 0.80042279149422,
    "11": 0.8110282574568288,
    "12": 0.8208791208791208,
    "13": 0.8302295918367346,
    "14": 0.8392857142857143,
    "15": 0.8482142857142857,
    "16": 0.8571428571428571
  }
}