{
  "env": "code_mbpp",
  "model": "code_mbpp_grpo_s2",
  "n": 16,
  "num_examples": 100,
  "per_example_correct": [
    0,
    0,
    0,
    0,
    7,
    0,
    0,
    0,
    0,
    0,
    0,
    0,
    0,
    0,
    0,
    0,
    0,
    0,
    0,
    0,
    7,
    0,
    0,
    0,
    0,
    0,
    0,
    0,
    8,
    0,
    0,
    0,
    0,
    3,
    0,
    0,
    0,
    0,
    0,
    4,
    15,
    0,
    0,
    0,
    0,
    0,
    10,
    0,
    2,
    10,
    0,
    9,
    0,
    0,
    0,
    0,
    0,
    0,
    0,
    7,
    0,
    6,
    0,
    0,
    0,
    0,
    0,
    0,
    0,
    0,
    0,
    0,
    11,
    0,
    0,
    0,
    0,
    0,
    6,
    0,
    0,
    0,
    0,
    0,
    0,
    13,
    0,
    0,
    0,
    0,
    0,
    4,
    0,
    0,
    0,
    0,
    0,
    0,
    0,
    0
  ],
  "pass_at_k": {
    "1": 0.07625,
    "2": 0.11074999999999999,
    "3": 0.1292142857142857,
    "4": 0.13997802197802198,
    "5": 0.14661858974358974,
    "6": 0.15091408591408592,
    "7": 0.15380332167832167,
    "8": 0.1558057498057498,
    "9": 0.15722027972027972,
    "10": 0.1582255244755245,
    "11": 0.15893315018315018,
    "12": 0.15941758241758242,
    "13": 0.15973214285714288,
    "14": 0.15991666666666668,
    "15": 0.16,
    "16": 0.16
  }
}