{
  "model": "coverage_s4",
  "n": 16,
  "num_tasks": 14,
  "per_task_correct": {
    "wc_words": 5,
    "wc_lines": 0,
    "file_size": 4,
    "list_etc": 11,
    "find_py": 1,
    "find_exec": 0,
    "sort_uniq": 0,
    "head_lines": 4,
    "grep_ip": 0,
    "awk_users": 1,
    "python_version": 1,
    "os_info": 1,
    "pwd_check": 1,
    "env_home": 4
  },
  "pass_at_k": {
    "1": 0.14732142857142858,
    "2": 0.24523809523809523,
    "3": 0.31760204081632654,
    "4": 0.375,
    "5": 0.42232469911041337,
    "6": 0.4622252747252747,
    "7": 0.49649725274725276,
    "8": 0.5265567765567766,
    "9": 0.5535714285714286,
    "10": 0.5784929356357927,
    "11": 0.602073521716379,
    "12": 0.6248822605965463,
    "13": 0.6473214285714286,
    "14": 0.6696428571428571,
    "15": 0.6919642857142857,
    "16": 0.7142857142857143
  }
}