{
  "env": "wordle",
  "model": "wordle_grpo_s3",
  "n": 16,
  "num_examples": 20,
  "per_example_correct": [
    0,
    0,
    2,
    0,
    0,
    1,
    0,
    0,
    0,
    0,
    1,
    1,
    0,
    0,
    0,
    0,
    0,
    0,
    0,
    0
  ],
  "pass_at_k": {
    "1": 0.015625,
    "2": 0.030833333333333334,
    "3": 0.045625,
    "4": 0.06,
    "5": 0.07395833333333333,
    "6": 0.0875,
    "7": 0.100625,
    "8": 0.11333333333333333,
    "9": 0.12562500000000001,
    "10": 0.1375,
    "11": 0.14895833333333333,
    "12": 0.16,
    "13": 0.170625,
    "14": 0.18083333333333335,
    "15": 0.190625,
    "16": 0.2
  }
}