{
  "env": "wordle",
  "model": "wordle_vec_s2",
  "n": 16,
  "num_examples": 20,
  "per_example_correct": [
    1,
    1,
    2,
    1,
    0,
    0,
    1,
    0,
    0,
    0,
    2,
    1,
    0,
    0,
    0,
    0,
    1,
    0,
    1,
    1
  ],
  "pass_at_k": {
    "1": 0.0375,
    "2": 0.07416666666666667,
    "3": 0.11000000000000001,
    "4": 0.145,
    "5": 0.17916666666666667,
    "6": 0.2125,
    "7": 0.24500000000000002,
    "8": 0.27666666666666667,
    "9": 0.3075,
    "10": 0.3375,
    "11": 0.36666666666666664,
    "12": 0.395,
    "13": 0.4225,
    "14": 0.4491666666666667,
    "15": 0.475,
    "16": 0.5
  }
}