{
  "env": "reasoning_gym_env",
  "model": "rgym_vec_s2",
  "n": 16,
  "num_examples": 100,
  "per_example_correct": [
    1,
    3,
    0,
    2,
    0,
    0,
    0,
    0,
    0,
    0,
    16,
    0,
    12,
    0,
    0,
    0,
    0,
    0,
    0,
    0,
    0,
    0,
    0,
    0,
    0,
    0,
    8,
    0,
    9,
    0,
    0,
    0,
    0,
    0,
    0,
    0,
    0,
    0,
    0,
    0,
    0,
    0,
    8,
    0,
    0,
    3,
    0,
    0,
    0,
    0,
    0,
    0,
    0,
    0,
    0,
    0,
    0,
    0,
    0,
    0,
    0,
    16,
    0,
    5,
    0,
    0,
    0,
    0,
    0,
    10,
    0,
    4,
    0,
    0,
    0,
    0,
    0,
    10,
    0,
    0,
    1,
    2,
    0,
    1,
    16,
    0,
    0,
    0,
    11,
    11,
    0,
    0,
    0,
    0,
    0,
    0,
    0,
    3,
    0,
    0
  ],
  "pass_at_k": {
    "1": 0.095,
    "2": 0.12791666666666665,
    "3": 0.14666071428571428,
    "4": 0.1589945054945055,
    "5": 0.16816163003663004,
    "6": 0.1755094905094905,
    "7": 0.18162937062937062,
    "8": 0.18681895881895882,
    "9": 0.1912596153846154,
    "10": 0.1950824175824176,
    "11": 0.19839285714285715,
    "12": 0.20128021978021976,
    "13": 0.20382142857142857,
    "14": 0.20608333333333334,
    "15": 0.208125,
    "16": 0.21
  }
}