{
  "env": "code_mbpp",
  "model": "mbpp7b_mgda_s2",
  "n": 16,
  "num_examples": 100,
  "per_example_correct": [
    0,
    0,
    0,
    0,
    12,
    0,
    0,
    0,
    0,
    0,
    0,
    0,
    0,
    0,
    0,
    0,
    0,
    0,
    7,
    0,
    0,
    0,
    0,
    0,
    0,
    0,
    0,
    0,
    16,
    0,
    0,
    0,
    0,
    13,
    0,
    0,
    0,
    0,
    0,
    9,
    13,
    0,
    0,
    0,
    0,
    0,
    16,
    14,
    0,
    12,
    0,
    15,
    0,
    0,
    0,
    0,
    0,
    0,
    0,
    0,
    0,
    16,
    0,
    0,
    0,
    0,
    0,
    0,
    0,
    0,
    0,
    0,
    16,
    0,
    0,
    0,
    0,
    0,
    0,
    0,
    0,
    0,
    0,
    0,
    0,
    16,
    9,
    0,
    0,
    0,
    0,
    0,
    0,
    0,
    2,
    0,
    0,
    0,
    0,
    0
  ],
  "pass_at_k": {
    "1": 0.11625,
    "2": 0.13433333333333333,
    "3": 0.14057142857142857,
    "4": 0.1434120879120879,
    "5": 0.14503205128205127,
    "6": 0.1461276223776224,
    "7": 0.14696678321678322,
    "8": 0.14765967365967367,
    "9": 0.14824912587412586,
    "10": 0.14875,
    "11": 0.14916666666666667,
    "12": 0.1495,
    "13": 0.14975,
    "14": 0.14991666666666667,
    "15": 0.15,
    "16": 0.15
  }
}