{
  "env": "code_mbpp",
  "model": "code_mbpp_mgda_s3",
  "n": 16,
  "num_examples": 100,
  "per_example_correct": [
    0,
    1,
    0,
    0,
    3,
    0,
    0,
    0,
    0,
    0,
    0,
    0,
    0,
    0,
    1,
    0,
    0,
    0,
    1,
    0,
    7,
    0,
    0,
    0,
    0,
    0,
    0,
    0,
    8,
    0,
    0,
    0,
    0,
    7,
    0,
    0,
    0,
    0,
    0,
    5,
    11,
    0,
    0,
    0,
    0,
    0,
    10,
    0,
    0,
    4,
    0,
    12,
    0,
    0,
    0,
    0,
    0,
    0,
    0,
    4,
    0,
    6,
    0,
    0,
    0,
    0,
    0,
    0,
    0,
    0,
    0,
    0,
    6,
    0,
    0,
    0,
    0,
    0,
    0,
    0,
    0,
    0,
    0,
    0,
    0,
    7,
    2,
    0,
    0,
    0,
    0,
    2,
    0,
    0,
    0,
    0,
    0,
    0,
    0,
    0
  ],
  "pass_at_k": {
    "1": 0.060625,
    "2": 0.09508333333333333,
    "3": 0.11632142857142856,
    "4": 0.13043406593406595,
    "5": 0.1404143772893773,
    "6": 0.14784715284715286,
    "7": 0.15364073426573427,
    "8": 0.15834421134421134,
    "9": 0.1622972027972028,
    "10": 0.16571178821178822,
    "11": 0.16872252747252747,
    "12": 0.17141758241758243,
    "13": 0.17385714285714285,
    "14": 0.17608333333333334,
    "15": 0.178125,
    "16": 0.18
  }
}