{
  "env": "gsm8k",
  "model": "gsm8k_consensus_s3",
  "n": 16,
  "num_examples": 100,
  "per_example_correct": [
    0,
    7,
    0,
    16,
    0,
    0,
    0,
    0,
    0,
    4,
    0,
    0,
    0,
    1,
    0,
    0,
    0,
    0,
    2,
    3,
    0,
    0,
    4,
    0,
    12,
    1,
    0,
    2,
    10,
    0,
    2,
    0,
    4,
    0,
    0,
    1,
    0,
    0,
    0,
    3,
    16,
    2,
    6,
    0,
    0,
    0,
    0,
    1,
    6,
    0,
    0,
    2,
    0,
    1,
    0,
    16,
    8,
    0,
    0,
    5,
    0,
    1,
    0,
    0,
    0,
    1,
    1,
    0,
    0,
    12,
    0,
    0,
    0,
    3,
    0,
    0,
    5,
    0,
    2,
    15,
    0,
    1,
    0,
    5,
    1,
    0,
    0,
    0,
    0,
    11,
    1,
    0,
    3,
    0,
    0,
    6,
    3,
    2,
    1,
    0
  ],
  "pass_at_k": {
    "1": 0.130625,
    "2": 0.1895,
    "3": 0.23123214285714286,
    "4": 0.2635989010989011,
    "5": 0.28990842490842494,
    "6": 0.3119155844155844,
    "7": 0.3307045454545455,
    "8": 0.34701554001554,
    "9": 0.36137674825174826,
    "10": 0.3741720779220779,
    "11": 0.3856845238095238,
    "12": 0.39612637362637365,
    "13": 0.40566071428571426,
    "14": 0.4144166666666667,
    "15": 0.4225,
    "16": 0.43
  }
}