{
  "env": "gsm8k",
  "model": "gsm8k7b_mgda_s2",
  "n": 16,
  "num_examples": 100,
  "per_example_correct": [
    16,
    16,
    13,
    16,
    15,
    16,
    16,
    9,
    13,
    16,
    16,
    16,
    1,
    16,
    13,
    12,
    16,
    16,
    16,
    16,
    15,
    4,
    16,
    16,
    16,
    16,
    16,
    16,
    16,
    16,
    16,
    16,
    16,
    16,
    16,
    16,
    16,
    2,
    16,
    15,
    16,
    12,
    16,
    16,
    16,
    16,
    16,
    16,
    16,
    16,
    16,
    16,
    16,
    16,
    16,
    16,
    16,
    16,
    10,
    16,
    15,
    16,
    0,
    16,
    16,
    16,
    16,
    16,
    16,
    16,
    16,
    16,
    16,
    13,
    16,
    7,
    12,
    16,
    12,
    16,
    16,
    16,
    16,
    16,
    16,
    16,
    13,
    1,
    16,
    0,
    16,
    16,
    13,
    14,
    15,
    16,
    16,
    15,
    12,
    16
  ],
  "pass_at_k": {
    "1": 0.9025,
    "2": 0.9393333333333334,
    "3": 0.950375,
    "4": 0.9557857142857142,
    "5": 0.9595032051282051,
    "6": 0.9624812687312688,
    "7": 0.9650253496503497,
    "8": 0.9672750582750582,
    "9": 0.9693068181818183,
    "10": 0.9711675824175825,
    "11": 0.9728891941391942,
    "12": 0.9744945054945054,
    "13": 0.976,
    "14": 0.9774166666666666,
    "15": 0.97875,
    "16": 0.98
  }
}