{
  "env": "wordle",
  "model": "wordle_fixed_s2",
  "n": 16,
  "num_examples": 20,
  "per_example_correct": [
    1,
    0,
    0,
    0,
    1,
    1,
    0,
    1,
    0,
    0,
    0,
    0,
    0,
    0,
    0,
    0,
    0,
    0,
    1,
    0
  ],
  "pass_at_k": {
    "1": 0.015625,
    "2": 0.03125,
    "3": 0.046875,
    "4": 0.0625,
    "5": 0.078125,
    "6": 0.09375,
    "7": 0.109375,
    "8": 0.125,
    "9": 0.140625,
    "10": 0.15625,
    "11": 0.171875,
    "12": 0.1875,
    "13": 0.203125,
    "14": 0.21875,
    "15": 0.234375,
    "16": 0.25
  }
}