{
  "env": "gsm8k",
  "model": "gsm8k_mgda_s2",
  "n": 16,
  "num_examples": 100,
  "per_example_correct": [
    8,
    16,
    4,
    9,
    7,
    5,
    15,
    0,
    0,
    10,
    7,
    0,
    1,
    8,
    6,
    2,
    5,
    9,
    5,
    2,
    5,
    1,
    9,
    16,
    4,
    13,
    13,
    7,
    12,
    15,
    13,
    11,
    11,
    14,
    13,
    6,
    8,
    0,
    5,
    8,
    9,
    8,
    16,
    0,
    2,
    8,
    6,
    8,
    16,
    11,
    9,
    1,
    7,
    12,
    3,
    12,
    7,
    10,
    3,
    16,
    0,
    7,
    0,
    10,
    6,
    5,
    7,
    10,
    12,
    15,
    5,
    11,
    15,
    7,
    6,
    2,
    14,
    15,
    5,
    14,
    7,
    14,
    11,
    15,
    11,
    6,
    6,
    0,
    16,
    3,
    15,
    12,
    9,
    4,
    10,
    10,
    9,
    7,
    1,
    6
  ],
  "pass_at_k": {
    "1": 0.503125,
    "2": 0.6770833333333333,
    "3": 0.7636607142857144,
    "4": 0.8126703296703296,
    "5": 0.8425961538461538,
    "6": 0.8620342157842158,
    "7": 0.8754064685314685,
    "8": 0.88513209013209,
    "9": 0.8925847902097902,
    "10": 0.8985614385614386,
    "11": 0.9035302197802197,
    "12": 0.9077692307692309,
    "13": 0.9114464285714285,
    "14": 0.9146666666666667,
    "15": 0.9175,
    "16": 0.92
  }
}