{
  "env": "reasoning_gym_env",
  "model": "rgym_grpo_s2",
  "n": 16,
  "num_examples": 100,
  "per_example_correct": [
    2,
    0,
    0,
    13,
    0,
    0,
    0,
    0,
    1,
    0,
    16,
    12,
    15,
    16,
    13,
    0,
    0,
    0,
    0,
    0,
    0,
    0,
    0,
    0,
    0,
    1,
    10,
    5,
    8,
    0,
    0,
    0,
    0,
    0,
    11,
    4,
    0,
    0,
    4,
    0,
    0,
    0,
    9,
    0,
    0,
    10,
    0,
    5,
    1,
    5,
    0,
    0,
    0,
    0,
    0,
    0,
    0,
    0,
    0,
    0,
    0,
    0,
    0,
    2,
    0,
    0,
    4,
    15,
    3,
    4,
    0,
    15,
    0,
    3,
    0,
    0,
    0,
    10,
    5,
    0,
    10,
    0,
    0,
    1,
    15,
    0,
    0,
    0,
    0,
    13,
    0,
    0,
    0,
    1,
    3,
    0,
    0,
    8,
    0,
    0
  ],
  "pass_at_k": {
    "1": 0.170625,
    "2": 0.22774999999999998,
    "3": 0.25919642857142855,
    "4": 0.28025824175824177,
    "5": 0.29577380952380955,
    "6": 0.3078146853146853,
    "7": 0.3174370629370629,
    "8": 0.3252804972804973,
    "9": 0.33178846153846153,
    "10": 0.33729395604395607,
    "11": 0.34205357142857146,
    "12": 0.3462637362637363,
    "13": 0.3500714285714286,
    "14": 0.35358333333333336,
    "15": 0.356875,
    "16": 0.36
  }
}