{
  "model": "mgda",
  "n": 16,
  "num_tasks": 14,
  "per_task_correct": {
    "wc_words": 16,
    "wc_lines": 12,
    "file_size": 13,
    "list_etc": 0,
    "find_py": 2,
    "find_exec": 0,
    "sort_uniq": 0,
    "head_lines": 14,
    "grep_ip": 5,
    "awk_users": 9,
    "python_version": 16,
    "os_info": 4,
    "pwd_check": 12,
    "env_home": 14
  },
  "pass_at_k": {
    "1": 0.5223214285714286,
    "2": 0.6369047619047619,
    "3": 0.6845663265306123,
    "4": 0.7125981161695447,
    "5": 0.732126504447933,
    "6": 0.7465034965034966,
    "7": 0.7572739760239761,
    "8": 0.7653846153846153,
    "9": 0.7714972527472527,
    "10": 0.7760989010989011,
    "11": 0.7795493197278912,
    "12": 0.7821036106750393,
    "13": 0.7839285714285714,
    "14": 0.7851190476190476,
    "15": 0.7857142857142857,
    "16": 0.7857142857142857
  }
}