{
  "env": "wordle",
  "model": "wordle_vec_s1",
  "n": 16,
  "num_examples": 20,
  "per_example_correct": [
    1,
    0,
    2,
    0,
    0,
    0,
    1,
    0,
    0,
    0,
    0,
    0,
    0,
    0,
    0,
    0,
    0,
    0,
    0,
    0
  ],
  "pass_at_k": {
    "1": 0.0125,
    "2": 0.024583333333333336,
    "3": 0.03625,
    "4": 0.0475,
    "5": 0.058333333333333334,
    "6": 0.06875,
    "7": 0.07875,
    "8": 0.08833333333333333,
    "9": 0.0975,
    "10": 0.10625,
    "11": 0.11458333333333333,
    "12": 0.12250000000000001,
    "13": 0.13,
    "14": 0.13708333333333333,
    "15": 0.14375,
    "16": 0.15
  }
}