{
  "env": "gsm8k",
  "model": "gsm8k_grpo_s1",
  "n": 16,
  "num_examples": 100,
  "per_example_correct": [
    13,
    15,
    1,
    13,
    8,
    7,
    16,
    0,
    0,
    16,
    1,
    4,
    1,
    8,
    15,
    5,
    6,
    16,
    14,
    8,
    1,
    2,
    16,
    15,
    16,
    16,
    16,
    14,
    10,
    13,
    16,
    16,
    15,
    16,
    16,
    14,
    14,
    0,
    10,
    11,
    16,
    6,
    15,
    3,
    5,
    15,
    5,
    14,
    16,
    16,
    15,
    2,
    11,
    10,
    2,
    16,
    16,
    15,
    3,
    15,
    5,
    15,
    0,
    14,
    11,
    8,
    9,
    11,
    16,
    15,
    14,
    16,
    16,
    12,
    15,
    2,
    14,
    15,
    13,
    16,
    15,
    16,
    16,
    16,
    16,
    5,
    8,
    0,
    16,
    8,
    16,
    16,
    13,
    4,
    15,
    16,
    16,
    4,
    2,
    0
  ],
  "pass_at_k": {
    "1": 0.678125,
    "2": 0.7789166666666667,
    "3": 0.8239107142857143,
    "4": 0.851554945054945,
    "5": 0.8706524725274726,
    "6": 0.8847664835164835,
    "7": 0.8956966783216784,
    "8": 0.9044568764568764,
    "9": 0.9116643356643357,
    "10": 0.9177172827172828,
    "11": 0.922882326007326,
    "12": 0.9273406593406593,
    "13": 0.9312142857142857,
    "14": 0.9345833333333333,
    "15": 0.9375,
    "16": 0.94
  }
}