{
  "model": "corrfixed_s9",
  "n": 16,
  "num_tasks": 14,
  "per_task_correct": {
    "wc_words": 4,
    "wc_lines": 5,
    "file_size": 9,
    "list_etc": 0,
    "find_py": 7,
    "find_exec": 0,
    "sort_uniq": 1,
    "head_lines": 0,
    "grep_ip": 0,
    "awk_users": 0,
    "python_version": 0,
    "os_info": 0,
    "pwd_check": 0,
    "env_home": 0
  },
  "pass_at_k": {
    "1": 0.11607142857142858,
    "2": 0.1886904761904762,
    "3": 0.23482142857142857,
    "4": 0.2648744113029827,
    "5": 0.28512558869701726,
    "6": 0.29932567432567436,
    "7": 0.3097277722277722,
    "8": 0.3177156177156177,
    "9": 0.3241695804195804,
    "10": 0.32967032967032966,
    "11": 0.33460884353741494,
    "12": 0.3392464678178964,
    "13": 0.34375,
    "14": 0.3482142857142857,
    "15": 0.35267857142857145,
    "16": 0.35714285714285715
  }
}