{
  "env": "gsm8k",
  "model": "gsm8k_consensus_s1",
  "n": 16,
  "num_examples": 100,
  "per_example_correct": [
    2,
    16,
    0,
    16,
    1,
    0,
    1,
    0,
    0,
    7,
    0,
    0,
    0,
    2,
    0,
    0,
    0,
    0,
    0,
    5,
    0,
    0,
    1,
    0,
    6,
    5,
    0,
    5,
    16,
    0,
    2,
    0,
    13,
    0,
    5,
    0,
    2,
    0,
    3,
    1,
    16,
    3,
    10,
    0,
    0,
    0,
    0,
    1,
    6,
    5,
    1,
    2,
    3,
    1,
    0,
    0,
    15,
    2,
    0,
    5,
    0,
    0,
    0,
    0,
    2,
    1,
    1,
    2,
    0,
    14,
    0,
    4,
    0,
    0,
    0,
    0,
    0,
    3,
    2,
    12,
    3,
    0,
    0,
    9,
    0,
    2,
    2,
    0,
    1,
    11,
    6,
    0,
    0,
    0,
    0,
    4,
    4,
    2,
    0,
    3
  ],
  "pass_at_k": {
    "1": 0.166875,
    "2": 0.23958333333333331,
    "3": 0.29146428571428573,
    "4": 0.3319285714285714,
    "5": 0.36470238095238094,
    "6": 0.3918181818181818,
    "7": 0.4145952797202797,
    "8": 0.43396503496503497,
    "9": 0.4506075174825175,
    "10": 0.4650237262737263,
    "11": 0.4775824175824176,
    "12": 0.48855494505494507,
    "13": 0.49814285714285716,
    "14": 0.5065,
    "15": 0.51375,
    "16": 0.52
  }
}