{
  "env": "gsm8k",
  "model": "Qwen/Qwen2.5-7B-Instruct",
  "n": 16,
  "num_examples": 100,
  "per_example_correct": [
    16,
    16,
    14,
    16,
    16,
    16,
    16,
    6,
    13,
    16,
    16,
    16,
    1,
    16,
    14,
    7,
    16,
    16,
    16,
    16,
    16,
    5,
    16,
    16,
    16,
    16,
    16,
    16,
    15,
    16,
    16,
    16,
    16,
    16,
    16,
    16,
    16,
    3,
    16,
    15,
    16,
    12,
    16,
    16,
    16,
    16,
    16,
    16,
    16,
    16,
    16,
    13,
    16,
    16,
    16,
    16,
    16,
    16,
    7,
    16,
    15,
    16,
    0,
    16,
    16,
    16,
    16,
    16,
    16,
    16,
    16,
    16,
    15,
    13,
    16,
    9,
    10,
    16,
    10,
    16,
    16,
    16,
    16,
    16,
    16,
    16,
    13,
    0,
    16,
    1,
    16,
    16,
    15,
    14,
    15,
    16,
    16,
    16,
    11,
    16
  ],
  "pass_at_k": {
    "1": 0.89625,
    "2": 0.9348333333333333,
    "3": 0.9488928571428572,
    "4": 0.9563296703296703,
    "5": 0.9610141941391942,
    "6": 0.964296953046953,
    "7": 0.9667928321678322,
    "8": 0.9688228438228438,
    "9": 0.9705664335664337,
    "10": 0.9721278721278722,
    "11": 0.9735691391941391,
    "12": 0.9749285714285715,
    "13": 0.9762321428571429,
    "14": 0.9775,
    "15": 0.97875,
    "16": 0.98
  }
}