{
  "env": "gsm8k",
  "model": "gsm8k7b_grpo_s2",
  "n": 16,
  "num_examples": 100,
  "per_example_correct": [
    16,
    16,
    15,
    16,
    15,
    16,
    16,
    5,
    13,
    16,
    16,
    16,
    0,
    15,
    15,
    11,
    15,
    16,
    16,
    16,
    16,
    2,
    16,
    16,
    16,
    16,
    16,
    16,
    16,
    16,
    16,
    16,
    16,
    16,
    16,
    16,
    16,
    2,
    15,
    16,
    16,
    13,
    16,
    15,
    16,
    16,
    16,
    16,
    16,
    16,
    16,
    15,
    16,
    16,
    16,
    16,
    16,
    16,
    6,
    16,
    16,
    16,
    0,
    16,
    16,
    16,
    16,
    16,
    16,
    16,
    16,
    16,
    16,
    12,
    16,
    11,
    16,
    16,
    15,
    16,
    16,
    16,
    16,
    16,
    16,
    16,
    10,
    0,
    16,
    2,
    16,
    16,
    15,
    16,
    16,
    16,
    16,
    15,
    13,
    16
  ],
  "pass_at_k": {
    "1": 0.905625,
    "2": 0.93475,
    "3": 0.9445714285714285,
    "4": 0.9503901098901099,
    "5": 0.9545970695970696,
    "6": 0.9579095904095903,
    "7": 0.9606066433566434,
    "8": 0.9628368298368298,
    "9": 0.9646931818181819,
    "10": 0.966235014985015,
    "11": 0.9674977106227106,
    "12": 0.9684999999999999,
    "13": 0.96925,
    "14": 0.9697499999999999,
    "15": 0.97,
    "16": 0.97
  }
}