{
  "env": "code_mbpp",
  "model": "code_mbpp_fixed_s3",
  "n": 16,
  "num_examples": 100,
  "per_example_correct": [
    0,
    11,
    0,
    0,
    14,
    0,
    0,
    0,
    1,
    0,
    0,
    0,
    0,
    4,
    0,
    0,
    0,
    0,
    0,
    0,
    0,
    0,
    0,
    0,
    0,
    0,
    0,
    0,
    1,
    0,
    0,
    0,
    0,
    0,
    0,
    0,
    0,
    0,
    0,
    10,
    16,
    0,
    0,
    0,
    0,
    0,
    0,
    0,
    1,
    0,
    0,
    10,
    0,
    0,
    0,
    0,
    0,
    0,
    0,
    5,
    0,
    0,
    0,
    0,
    0,
    0,
    0,
    0,
    0,
    0,
    0,
    0,
    1,
    0,
    0,
    0,
    0,
    0,
    0,
    0,
    0,
    0,
    0,
    0,
    0,
    3,
    0,
    0,
    0,
    0,
    0,
    0,
    0,
    0,
    0,
    0,
    1,
    6,
    0,
    0
  ],
  "pass_at_k": {
    "1": 0.0525,
    "2": 0.0725,
    "3": 0.08435714285714285,
    "4": 0.0926923076923077,
    "5": 0.09920100732600731,
    "6": 0.10461163836163836,
    "7": 0.10928933566433566,
    "8": 0.11345221445221446,
    "9": 0.11725087412587414,
    "10": 0.12079545454545455,
    "11": 0.12416666666666666,
    "12": 0.12742307692307692,
    "13": 0.13060714285714284,
    "14": 0.13375,
    "15": 0.136875,
    "16": 0.14
  }
}