{
  "env": "gsm8k",
  "model": "gsm8k_fixed_s1",
  "n": 16,
  "num_examples": 100,
  "per_example_correct": [
    0,
    4,
    0,
    16,
    0,
    0,
    0,
    0,
    0,
    4,
    0,
    0,
    0,
    1,
    0,
    0,
    0,
    0,
    0,
    7,
    0,
    0,
    0,
    0,
    0,
    8,
    0,
    3,
    0,
    0,
    0,
    0,
    5,
    2,
    0,
    0,
    0,
    0,
    0,
    0,
    9,
    1,
    6,
    0,
    0,
    0,
    0,
    0,
    10,
    0,
    0,
    2,
    0,
    0,
    0,
    6,
    2,
    0,
    0,
    0,
    0,
    0,
    1,
    0,
    5,
    0,
    0,
    0,
    0,
    4,
    0,
    16,
    0,
    0,
    0,
    0,
    3,
    6,
    1,
    13,
    1,
    0,
    0,
    9,
    0,
    0,
    0,
    0,
    0,
    11,
    0,
    0,
    0,
    3,
    1,
    8,
    0,
    5,
    0,
    0
  ],
  "pass_at_k": {
    "1": 0.108125,
    "2": 0.16024999999999998,
    "3": 0.1940714285714286,
    "4": 0.2176978021978022,
    "5": 0.23516025641025642,
    "6": 0.24864885114885116,
    "7": 0.2594458041958042,
    "8": 0.26834809634809637,
    "9": 0.27587674825174824,
    "10": 0.28238636363636366,
    "11": 0.288125,
    "12": 0.2932692307692308,
    "13": 0.29794642857142856,
    "14": 0.30225,
    "15": 0.30625,
    "16": 0.31
  }
}