{
  "env": "code_mbpp",
  "model": "mbpp7b_vec_s3",
  "n": 16,
  "num_examples": 100,
  "per_example_correct": [
    0,
    0,
    0,
    0,
    0,
    0,
    0,
    0,
    0,
    0,
    0,
    0,
    0,
    0,
    0,
    0,
    0,
    0,
    0,
    0,
    0,
    0,
    0,
    0,
    0,
    0,
    0,
    0,
    0,
    0,
    0,
    0,
    0,
    0,
    0,
    0,
    0,
    0,
    0,
    3,
    16,
    0,
    0,
    0,
    0,
    0,
    4,
    0,
    16,
    16,
    0,
    16,
    0,
    0,
    0,
    0,
    0,
    0,
    0,
    16,
    0,
    4,
    0,
    0,
    0,
    0,
    0,
    0,
    0,
    0,
    0,
    0,
    13,
    0,
    0,
    0,
    0,
    0,
    0,
    0,
    0,
    0,
    0,
    0,
    0,
    16,
    16,
    0,
    0,
    0,
    0,
    0,
    0,
    0,
    12,
    0,
    0,
    16,
    0,
    0
  ],
  "pass_at_k": {
    "1": 0.1025,
    "2": 0.11175,
    "3": 0.11694642857142858,
    "4": 0.12062637362637363,
    "5": 0.12342719780219781,
    "6": 0.12554945054945055,
    "7": 0.12711538461538463,
    "8": 0.12823076923076923,
    "9": 0.12899038461538462,
    "10": 0.12947802197802197,
    "11": 0.1297664835164835,
    "12": 0.12991758241758242,
    "13": 0.12998214285714285,
    "14": 0.13,
    "15": 0.13,
    "16": 0.13
  }
}