{
  "env": "gsm8k",
  "model": "gsm8k7b_mgda_s3",
  "n": 16,
  "num_examples": 100,
  "per_example_correct": [
    16,
    16,
    15,
    16,
    14,
    16,
    16,
    3,
    13,
    16,
    16,
    16,
    0,
    16,
    15,
    11,
    14,
    16,
    16,
    16,
    16,
    2,
    16,
    16,
    16,
    16,
    16,
    16,
    16,
    16,
    16,
    16,
    16,
    16,
    16,
    16,
    16,
    2,
    16,
    15,
    16,
    10,
    16,
    15,
    16,
    16,
    16,
    16,
    16,
    16,
    16,
    16,
    16,
    16,
    16,
    16,
    16,
    16,
    8,
    16,
    16,
    16,
    0,
    16,
    16,
    16,
    16,
    16,
    16,
    16,
    16,
    16,
    16,
    12,
    16,
    12,
    12,
    16,
    10,
    16,
    16,
    16,
    16,
    16,
    16,
    16,
    12,
    0,
    16,
    1,
    16,
    16,
    14,
    13,
    16,
    16,
    16,
    16,
    12,
    16
  ],
  "pass_at_k": {
    "1": 0.896875,
    "2": 0.9306666666666666,
    "3": 0.9414821428571429,
    "4": 0.9469670329670329,
    "5": 0.9508539377289377,
    "6": 0.9540696803196803,
    "7": 0.956868006993007,
    "8": 0.9593325563325563,
    "9": 0.9615,
    "10": 0.963392857142857,
    "11": 0.9650297619047619,
    "12": 0.9664285714285714,
    "13": 0.9676071428571429,
    "14": 0.9685833333333334,
    "15": 0.969375,
    "16": 0.97
  }
}