{
  "env": "code_mbpp",
  "model": "code_mbpp_fixed_s2",
  "n": 16,
  "num_examples": 100,
  "per_example_correct": [
    0,
    4,
    0,
    0,
    16,
    0,
    0,
    0,
    1,
    0,
    0,
    0,
    0,
    5,
    0,
    0,
    0,
    0,
    0,
    0,
    0,
    0,
    0,
    0,
    0,
    1,
    0,
    0,
    2,
    0,
    0,
    0,
    0,
    0,
    0,
    0,
    0,
    0,
    0,
    4,
    16,
    0,
    0,
    0,
    0,
    0,
    0,
    0,
    6,
    1,
    0,
    12,
    0,
    0,
    0,
    0,
    0,
    0,
    0,
    3,
    0,
    0,
    0,
    0,
    0,
    0,
    0,
    0,
    0,
    0,
    0,
    0,
    1,
    0,
    0,
    0,
    0,
    0,
    0,
    0,
    0,
    0,
    0,
    0,
    0,
    6,
    1,
    0,
    0,
    0,
    0,
    0,
    0,
    0,
    0,
    0,
    0,
    10,
    0,
    0
  ],
  "pass_at_k": {
    "1": 0.055625,
    "2": 0.07733333333333334,
    "3": 0.09225,
    "4": 0.10342307692307692,
    "5": 0.11224358974358975,
    "6": 0.11944680319680319,
    "7": 0.12549213286713287,
    "8": 0.1306993006993007,
    "9": 0.13529982517482517,
    "10": 0.1394617882117882,
    "11": 0.1433058608058608,
    "12": 0.14691758241758243,
    "13": 0.15035714285714286,
    "14": 0.15366666666666667,
    "15": 0.156875,
    "16": 0.16
  }
}