{
  "model": "k5step60",
  "n": 16,
  "num_tasks": 14,
  "per_task_correct": {
    "wc_words": 13,
    "wc_lines": 13,
    "file_size": 11,
    "list_etc": 0,
    "find_py": 1,
    "find_exec": 0,
    "sort_uniq": 1,
    "head_lines": 1,
    "grep_ip": 7,
    "awk_users": 4,
    "python_version": 0,
    "os_info": 0,
    "pwd_check": 0,
    "env_home": 0
  },
  "pass_at_k": {
    "1": 0.22767857142857142,
    "2": 0.3136904761904762,
    "3": 0.35701530612244897,
    "4": 0.3861459968602826,
    "5": 0.40907901622187337,
    "6": 0.42850899100899104,
    "7": 0.44572302697302696,
    "8": 0.4614885114885115,
    "9": 0.4762987012987013,
    "10": 0.4904827315541601,
    "11": 0.5042680533751962,
    "12": 0.517817896389325,
    "13": 0.53125,
    "14": 0.5446428571428571,
    "15": 0.5580357142857143,
    "16": 0.5714285714285714
  }
}