{
  "env": "code_mbpp",
  "model": "code_mbpp_vec_s1",
  "n": 16,
  "num_examples": 100,
  "per_example_correct": [
    0,
    7,
    0,
    0,
    16,
    0,
    0,
    0,
    2,
    0,
    0,
    0,
    0,
    1,
    0,
    0,
    0,
    0,
    0,
    0,
    0,
    0,
    0,
    0,
    0,
    1,
    0,
    0,
    0,
    0,
    0,
    0,
    0,
    0,
    0,
    0,
    0,
    0,
    0,
    13,
    16,
    0,
    0,
    0,
    0,
    0,
    0,
    0,
    5,
    0,
    0,
    10,
    0,
    0,
    0,
    0,
    0,
    0,
    0,
    5,
    0,
    0,
    0,
    0,
    0,
    0,
    0,
    0,
    0,
    0,
    0,
    0,
    1,
    0,
    0,
    0,
    0,
    0,
    0,
    0,
    0,
    0,
    0,
    0,
    0,
    1,
    0,
    0,
    0,
    0,
    0,
    3,
    0,
    0,
    0,
    0,
    0,
    7,
    0,
    0
  ],
  "pass_at_k": {
    "1": 0.055,
    "2": 0.07425,
    "3": 0.086625,
    "4": 0.09547802197802198,
    "5": 0.10226419413919415,
    "6": 0.10774225774225775,
    "7": 0.11236013986013987,
    "8": 0.1163962703962704,
    "9": 0.12002709790209791,
    "10": 0.12336538461538461,
    "11": 0.12648351648351647,
    "12": 0.12942857142857142,
    "13": 0.13223214285714285,
    "14": 0.13491666666666668,
    "15": 0.1375,
    "16": 0.14
  }
}