{
  "model": "corrmgda_s2",
  "n": 16,
  "num_tasks": 14,
  "per_task_correct": {
    "wc_words": 16,
    "wc_lines": 12,
    "file_size": 16,
    "list_etc": 0,
    "find_py": 0,
    "find_exec": 0,
    "sort_uniq": 1,
    "head_lines": 14,
    "grep_ip": 5,
    "awk_users": 9,
    "python_version": 16,
    "os_info": 3,
    "pwd_check": 14,
    "env_home": 7
  },
  "pass_at_k": {
    "1": 0.5044642857142857,
    "2": 0.6053571428571428,
    "3": 0.6544642857142857,
    "4": 0.6847723704866562,
    "5": 0.7056024332810047,
    "6": 0.7208327386898815,
    "7": 0.73252997002997,
    "8": 0.7418914418914418,
    "9": 0.7496503496503496,
    "10": 0.7562794348508634,
    "11": 0.7621009942438514,
    "12": 0.7673469387755103,
    "13": 0.7721938775510203,
    "14": 0.7767857142857143,
    "15": 0.78125,
    "16": 0.7857142857142857
  }
}