{
  "env": "gsm8k",
  "model": "gsm8k7b_mgda_s1",
  "n": 16,
  "num_examples": 100,
  "per_example_correct": [
    16,
    16,
    16,
    16,
    16,
    16,
    16,
    7,
    13,
    16,
    16,
    16,
    0,
    16,
    14,
    10,
    12,
    16,
    16,
    16,
    16,
    2,
    16,
    16,
    16,
    16,
    16,
    16,
    16,
    16,
    16,
    16,
    16,
    16,
    16,
    16,
    16,
    1,
    16,
    15,
    16,
    10,
    16,
    16,
    16,
    16,
    16,
    16,
    16,
    16,
    16,
    15,
    16,
    16,
    16,
    16,
    16,
    16,
    9,
    16,
    16,
    16,
    0,
    16,
    16,
    16,
    16,
    16,
    16,
    16,
    16,
    16,
    16,
    13,
    16,
    6,
    13,
    16,
    11,
    16,
    16,
    16,
    16,
    16,
    16,
    16,
    10,
    0,
    16,
    2,
    16,
    16,
    15,
    14,
    16,
    16,
    16,
    14,
    13,
    15
  ],
  "pass_at_k": {
    "1": 0.89625,
    "2": 0.93125,
    "3": 0.9432142857142857,
    "4": 0.9491813186813186,
    "5": 0.9530013736263736,
    "6": 0.9558703796203797,
    "7": 0.9582377622377622,
    "8": 0.9602913752913753,
    "9": 0.9621153846153847,
    "10": 0.9637487512487514,
    "11": 0.9652083333333333,
    "12": 0.9665,
    "13": 0.9676250000000001,
    "14": 0.9685833333333334,
    "15": 0.969375,
    "16": 0.97
  }
}