{
  "model": "coverage_s7",
  "n": 16,
  "num_tasks": 14,
  "per_task_correct": {
    "wc_words": 6,
    "wc_lines": 0,
    "file_size": 9,
    "list_etc": 3,
    "find_py": 0,
    "find_exec": 1,
    "sort_uniq": 0,
    "head_lines": 8,
    "grep_ip": 0,
    "awk_users": 5,
    "python_version": 4,
    "os_info": 2,
    "pwd_check": 0,
    "env_home": 1
  },
  "pass_at_k": {
    "1": 0.17410714285714285,
    "2": 0.28928571428571426,
    "3": 0.3678571428571429,
    "4": 0.4236263736263736,
    "5": 0.4649725274725275,
    "6": 0.4969316397887827,
    "7": 0.5225462037962038,
    "8": 0.5437007437007437,
    "9": 0.5616133866133867,
    "10": 0.5771103896103896,
    "11": 0.5907738095238095,
    "12": 0.603021978021978,
    "13": 0.6141581632653061,
    "14": 0.6244047619047619,
    "15": 0.6339285714285714,
    "16": 0.6428571428571429
  }
}