{
  "model": "corrdir_s3",
  "n": 16,
  "num_tasks": 14,
  "per_task_correct": {
    "wc_words": 14,
    "wc_lines": 16,
    "file_size": 16,
    "list_etc": 0,
    "find_py": 7,
    "find_exec": 0,
    "sort_uniq": 4,
    "head_lines": 5,
    "grep_ip": 0,
    "awk_users": 7,
    "python_version": 11,
    "os_info": 13,
    "pwd_check": 2,
    "env_home": 7
  },
  "pass_at_k": {
    "1": 0.45535714285714285,
    "2": 0.5869047619047619,
    "3": 0.6566326530612245,
    "4": 0.6990188383045526,
    "5": 0.7262722396650968,
    "6": 0.7443181818181818,
    "7": 0.7566058941058941,
    "8": 0.7652347652347652,
    "9": 0.7714785214785215,
    "10": 0.7760989010989011,
    "11": 0.7795493197278912,
    "12": 0.7821036106750393,
    "13": 0.7839285714285714,
    "14": 0.7851190476190476,
    "15": 0.7857142857142857,
    "16": 0.7857142857142857
  }
}