{
  "env": "tool_test",
  "model": "tooltest_fixed_s1",
  "n": 16,
  "num_examples": 100,
  "per_example_correct": [
    16,
    16,
    16,
    16,
    16,
    16,
    16,
    16,
    16,
    16,
    16,
    16,
    16,
    16,
    16,
    16,
    15,
    16,
    16,
    16,
    16,
    16,
    16,
    16,
    15,
    16,
    16,
    16,
    15,
    16,
    16,
    16,
    16,
    16,
    13,
    12,
    16,
    16,
    16,
    16,
    16,
    16,
    16,
    16,
    9,
    16,
    13,
    16,
    16,
    16,
    16,
    16,
    16,
    16,
    16,
    16,
    16,
    16,
    16,
    16,
    16,
    16,
    16,
    10,
    12,
    16,
    16,
    16,
    16,
    16,
    16,
    16,
    16,
    16,
    16,
    16,
    15,
    16,
    16,
    16,
    14,
    13,
    16,
    16,
    16,
    16,
    11,
    16,
    16,
    16,
    16,
    16,
    16,
    16,
    16,
    16,
    16,
    16,
    16,
    16
  ],
  "pass_at_k": {
    "1": 0.974375,
    "2": 0.9943333333333334,
    "3": 0.9986428571428572,
    "4": 0.9996868131868132,
    "5": 0.9999358974358974,
    "6": 0.99999000999001,
    "7": 0.9999991258741258,
    "8": 1.0,
    "9": 1.0,
    "10": 1.0,
    "11": 1.0,
    "12": 1.0,
    "13": 1.0,
    "14": 1.0,
    "15": 1.0,
    "16": 1.0
  }
}