{
  "env": "reasoning_gym_env",
  "model": "rgym_grpo_s1",
  "n": 16,
  "num_examples": 100,
  "per_example_correct": [
    3,
    0,
    0,
    4,
    0,
    0,
    0,
    0,
    2,
    0,
    16,
    16,
    15,
    9,
    0,
    0,
    0,
    0,
    0,
    0,
    0,
    0,
    0,
    0,
    0,
    0,
    9,
    2,
    8,
    0,
    0,
    0,
    0,
    0,
    4,
    1,
    0,
    0,
    7,
    0,
    0,
    0,
    11,
    0,
    0,
    3,
    0,
    0,
    0,
    1,
    0,
    1,
    0,
    0,
    0,
    0,
    0,
    0,
    0,
    0,
    0,
    2,
    2,
    5,
    2,
    7,
    0,
    4,
    2,
    15,
    0,
    13,
    0,
    1,
    0,
    0,
    0,
    15,
    1,
    0,
    3,
    2,
    0,
    4,
    16,
    0,
    0,
    0,
    0,
    16,
    1,
    0,
    0,
    0,
    0,
    0,
    0,
    8,
    0,
    0
  ],
  "pass_at_k": {
    "1": 0.144375,
    "2": 0.19308333333333333,
    "3": 0.2253214285714286,
    "4": 0.24945604395604395,
    "5": 0.26858516483516487,
    "6": 0.2843319180819181,
    "7": 0.29761363636363636,
    "8": 0.30898445998445995,
    "9": 0.31880594405594403,
    "10": 0.32733516483516484,
    "11": 0.33476877289377294,
    "12": 0.3412637362637363,
    "13": 0.3469464285714286,
    "14": 0.3519166666666667,
    "15": 0.35625,
    "16": 0.36
  }
}