{
  "env": "code_mbpp",
  "model": "mbpp7b_fixed_s1",
  "n": 16,
  "num_examples": 100,
  "per_example_correct": [
    0,
    0,
    0,
    0,
    0,
    0,
    0,
    0,
    0,
    0,
    0,
    0,
    0,
    0,
    0,
    0,
    0,
    0,
    0,
    0,
    0,
    0,
    0,
    0,
    0,
    0,
    0,
    0,
    0,
    0,
    0,
    0,
    0,
    0,
    0,
    0,
    0,
    0,
    0,
    7,
    13,
    0,
    0,
    0,
    0,
    0,
    0,
    0,
    16,
    16,
    0,
    11,
    0,
    0,
    0,
    0,
    0,
    0,
    0,
    0,
    0,
    0,
    0,
    0,
    0,
    0,
    0,
    0,
    0,
    0,
    0,
    0,
    13,
    0,
    0,
    0,
    0,
    0,
    0,
    0,
    0,
    0,
    0,
    0,
    0,
    16,
    7,
    0,
    0,
    0,
    0,
    0,
    0,
    0,
    3,
    0,
    0,
    16,
    0,
    0
  ],
  "pass_at_k": {
    "1": 0.07375,
    "2": 0.08616666666666667,
    "3": 0.09167857142857143,
    "4": 0.09465934065934066,
    "5": 0.09647435897435898,
    "6": 0.09764735264735265,
    "7": 0.09843706293706295,
    "8": 0.09898601398601398,
    "9": 0.09937325174825175,
    "10": 0.09964285714285713,
    "11": 0.09982142857142857,
    "12": 0.09992857142857144,
    "13": 0.09998214285714285,
    "14": 0.1,
    "15": 0.1,
    "16": 0.1
  }
}