{
  "env": "gsm8k",
  "model": "gsm8k_fixed_s2",
  "n": 16,
  "num_examples": 100,
  "per_example_correct": [
    0,
    16,
    0,
    16,
    0,
    0,
    0,
    1,
    0,
    8,
    0,
    0,
    0,
    4,
    2,
    0,
    0,
    0,
    0,
    2,
    1,
    0,
    10,
    6,
    10,
    5,
    0,
    1,
    11,
    1,
    0,
    0,
    6,
    0,
    1,
    2,
    2,
    0,
    0,
    3,
    14,
    0,
    11,
    0,
    2,
    0,
    0,
    1,
    12,
    2,
    0,
    4,
    0,
    0,
    0,
    11,
    6,
    0,
    0,
    7,
    0,
    0,
    0,
    0,
    8,
    3,
    0,
    0,
    0,
    9,
    0,
    0,
    0,
    0,
    0,
    0,
    1,
    1,
    1,
    16,
    1,
    0,
    0,
    10,
    0,
    0,
    0,
    0,
    0,
    9,
    2,
    0,
    1,
    0,
    0,
    4,
    11,
    0,
    0,
    0
  ],
  "pass_at_k": {
    "1": 0.159375,
    "2": 0.22649999999999998,
    "3": 0.2671428571428571,
    "4": 0.2955,
    "5": 0.31747939560439564,
    "6": 0.33569305694305696,
    "7": 0.3513977272727273,
    "8": 0.36527117327117326,
    "9": 0.37772290209790205,
    "10": 0.389020979020979,
    "11": 0.39934981684981685,
    "12": 0.4088406593406594,
    "13": 0.4175892857142857,
    "14": 0.4256666666666667,
    "15": 0.433125,
    "16": 0.44
  }
}