{
  "env": "code_mbpp",
  "model": "code_mbpp_mgda_s1",
  "n": 16,
  "num_examples": 100,
  "per_example_correct": [
    0,
    1,
    0,
    0,
    2,
    0,
    0,
    0,
    0,
    0,
    0,
    0,
    0,
    0,
    2,
    0,
    0,
    0,
    1,
    0,
    8,
    0,
    0,
    0,
    0,
    0,
    0,
    0,
    5,
    0,
    0,
    0,
    0,
    4,
    0,
    0,
    0,
    0,
    0,
    2,
    8,
    0,
    0,
    0,
    0,
    0,
    9,
    0,
    1,
    3,
    0,
    5,
    0,
    0,
    0,
    0,
    0,
    0,
    0,
    3,
    0,
    4,
    0,
    0,
    0,
    0,
    0,
    0,
    0,
    0,
    0,
    0,
    10,
    0,
    0,
    0,
    0,
    0,
    1,
    0,
    0,
    0,
    0,
    0,
    0,
    9,
    0,
    0,
    0,
    0,
    0,
    1,
    0,
    0,
    0,
    0,
    0,
    0,
    0,
    0
  ],
  "pass_at_k": {
    "1": 0.049375,
    "2": 0.08091666666666666,
    "3": 0.10230357142857142,
    "4": 0.11784065934065933,
    "5": 0.12987408424908425,
    "6": 0.1396640859140859,
    "7": 0.14789772727272726,
    "8": 0.15497280497280497,
    "9": 0.1611442307692308,
    "10": 0.1665934065934066,
    "11": 0.17145833333333332,
    "12": 0.17584615384615387,
    "13": 0.1798392857142857,
    "14": 0.18350000000000002,
    "15": 0.186875,
    "16": 0.19
  }
}