{
  "env": "reasoning_gym_env",
  "model": "rgym_grpo_s3",
  "n": 16,
  "num_examples": 100,
  "per_example_correct": [
    0,
    0,
    0,
    2,
    0,
    0,
    0,
    0,
    0,
    0,
    2,
    0,
    4,
    0,
    0,
    0,
    0,
    0,
    0,
    0,
    0,
    0,
    0,
    0,
    0,
    0,
    0,
    0,
    1,
    0,
    0,
    0,
    0,
    0,
    0,
    0,
    0,
    0,
    0,
    0,
    0,
    0,
    1,
    0,
    3,
    0,
    0,
    0,
    0,
    0,
    0,
    0,
    0,
    0,
    0,
    0,
    0,
    0,
    0,
    0,
    0,
    0,
    0,
    0,
    0,
    1,
    0,
    0,
    0,
    0,
    0,
    0,
    0,
    0,
    0,
    0,
    0,
    2,
    0,
    0,
    2,
    1,
    0,
    0,
    0,
    0,
    0,
    0,
    1,
    0,
    0,
    0,
    0,
    0,
    0,
    0,
    0,
    0,
    0,
    0
  ],
  "pass_at_k": {
    "1": 0.0125,
    "2": 0.023916666666666666,
    "3": 0.03433928571428571,
    "4": 0.04385164835164835,
    "5": 0.05253205128205129,
    "6": 0.06045329670329671,
    "7": 0.0676826923076923,
    "8": 0.07428205128205129,
    "9": 0.0803076923076923,
    "10": 0.08581043956043956,
    "11": 0.0908356227106227,
    "12": 0.09542307692307692,
    "13": 0.09960714285714285,
    "14": 0.10341666666666667,
    "15": 0.106875,
    "16": 0.11
  }
}