{
  "env": "gsm8k",
  "model": "gsm8k_consensus_s2",
  "n": 16,
  "num_examples": 100,
  "per_example_correct": [
    0,
    4,
    0,
    16,
    1,
    0,
    0,
    1,
    0,
    1,
    0,
    0,
    0,
    0,
    0,
    0,
    0,
    0,
    1,
    0,
    0,
    0,
    0,
    6,
    11,
    7,
    0,
    2,
    2,
    0,
    0,
    0,
    8,
    0,
    0,
    1,
    1,
    0,
    0,
    0,
    10,
    0,
    6,
    0,
    0,
    0,
    0,
    0,
    0,
    1,
    0,
    1,
    0,
    0,
    0,
    2,
    6,
    0,
    1,
    0,
    1,
    0,
    4,
    0,
    1,
    1,
    0,
    0,
    0,
    0,
    0,
    7,
    0,
    0,
    0,
    0,
    3,
    3,
    0,
    13,
    0,
    0,
    0,
    6,
    0,
    0,
    0,
    0,
    0,
    12,
    0,
    0,
    0,
    2,
    1,
    3,
    1,
    3,
    0,
    0
  ],
  "pass_at_k": {
    "1": 0.09375,
    "2": 0.14400000000000002,
    "3": 0.17876785714285715,
    "4": 0.20534615384615384,
    "5": 0.2269757326007326,
    "6": 0.24532592407592407,
    "7": 0.2613758741258741,
    "8": 0.2757428127428127,
    "9": 0.28882867132867135,
    "10": 0.3009015984015984,
    "11": 0.31214743589743593,
    "12": 0.3227032967032967,
    "13": 0.33267857142857143,
    "14": 0.3421666666666667,
    "15": 0.35125,
    "16": 0.36
  }
}