{
  "env": "gsm8k",
  "model": "Qwen/Qwen2.5-1.5B-Instruct",
  "n": 16,
  "num_examples": 100,
  "per_example_correct": [
    7,
    14,
    5,
    13,
    6,
    5,
    14,
    0,
    0,
    11,
    9,
    3,
    1,
    7,
    6,
    4,
    5,
    10,
    6,
    1,
    1,
    2,
    13,
    14,
    7,
    11,
    10,
    11,
    12,
    10,
    15,
    10,
    9,
    10,
    14,
    2,
    8,
    0,
    4,
    8,
    11,
    6,
    16,
    2,
    4,
    11,
    8,
    7,
    13,
    12,
    6,
    3,
    6,
    13,
    3,
    14,
    8,
    11,
    2,
    16,
    3,
    8,
    0,
    7,
    3,
    6,
    6,
    9,
    15,
    12,
    8,
    13,
    14,
    6,
    8,
    0,
    12,
    14,
    9,
    10,
    10,
    13,
    9,
    12,
    11,
    1,
    10,
    3,
    12,
    2,
    13,
    11,
    13,
    5,
    8,
    11,
    12,
    6,
    3,
    6
  ],
  "pass_at_k": {
    "1": 0.5025,
    "2": 0.6895,
    "3": 0.778375,
    "4": 0.8284505494505494,
    "5": 0.860103021978022,
    "6": 0.8817382617382618,
    "7": 0.8973977272727273,
    "8": 0.9092408702408703,
    "9": 0.9185052447552448,
    "10": 0.925934065934066,
    "11": 0.9319917582417583,
    "12": 0.9369835164835165,
    "13": 0.941125,
    "14": 0.9445833333333333,
    "15": 0.9475,
    "16": 0.95
  }
}