{
  "env": "gsm8k",
  "model": "gsm8k_fixed_s3",
  "n": 16,
  "num_examples": 100,
  "per_example_correct": [
    0,
    14,
    0,
    16,
    1,
    0,
    0,
    1,
    0,
    4,
    0,
    0,
    0,
    0,
    1,
    2,
    0,
    0,
    0,
    1,
    0,
    0,
    6,
    0,
    13,
    3,
    0,
    0,
    1,
    1,
    0,
    0,
    5,
    0,
    0,
    1,
    0,
    0,
    3,
    0,
    13,
    5,
    0,
    0,
    2,
    0,
    0,
    1,
    10,
    2,
    0,
    0,
    1,
    0,
    0,
    16,
    11,
    0,
    0,
    0,
    1,
    0,
    1,
    0,
    11,
    2,
    2,
    0,
    0,
    15,
    0,
    2,
    0,
    0,
    0,
    0,
    2,
    0,
    1,
    16,
    0,
    0,
    0,
    13,
    1,
    6,
    0,
    0,
    1,
    9,
    5,
    0,
    2,
    0,
    0,
    0,
    4,
    0,
    1,
    0
  ],
  "pass_at_k": {
    "1": 0.143125,
    "2": 0.19733333333333333,
    "3": 0.2335357142857143,
    "4": 0.26212637362637364,
    "5": 0.28629578754578755,
    "6": 0.30739135864135864,
    "7": 0.3261643356643356,
    "8": 0.3431095571095571,
    "9": 0.35857867132867133,
    "10": 0.37282717282717287,
    "11": 0.3860393772893773,
    "12": 0.39834615384615385,
    "13": 0.4098392857142857,
    "14": 0.42058333333333336,
    "15": 0.430625,
    "16": 0.44
  }
}