{
  "env": "reasoning_gym_env",
  "model": "rgym_vec_s3",
  "n": 16,
  "num_examples": 100,
  "per_example_correct": [
    5,
    0,
    0,
    6,
    0,
    0,
    0,
    0,
    0,
    0,
    16,
    1,
    15,
    0,
    0,
    0,
    0,
    0,
    0,
    0,
    0,
    0,
    0,
    0,
    0,
    0,
    12,
    0,
    9,
    0,
    0,
    0,
    0,
    0,
    0,
    0,
    0,
    0,
    3,
    0,
    0,
    0,
    10,
    0,
    0,
    2,
    0,
    0,
    0,
    0,
    0,
    0,
    0,
    0,
    0,
    0,
    0,
    0,
    0,
    0,
    0,
    16,
    0,
    4,
    1,
    2,
    0,
    6,
    0,
    12,
    0,
    0,
    0,
    0,
    0,
    0,
    0,
    16,
    0,
    0,
    4,
    4,
    0,
    4,
    16,
    0,
    0,
    0,
    3,
    11,
    2,
    0,
    0,
    0,
    0,
    0,
    0,
    9,
    0,
    0
  ],
  "pass_at_k": {
    "1": 0.118125,
    "2": 0.15608333333333332,
    "3": 0.17916071428571428,
    "4": 0.19513736263736262,
    "5": 0.20703067765567768,
    "6": 0.21622877122877124,
    "7": 0.22348076923076923,
    "8": 0.22926340326340328,
    "9": 0.23391520979020977,
    "10": 0.2376898101898102,
    "11": 0.24078067765567768,
    "12": 0.24333516483516482,
    "13": 0.24546428571428572,
    "14": 0.24725000000000003,
    "15": 0.24875,
    "16": 0.25
  }
}