{
  "model": "coverage_s5",
  "n": 16,
  "num_tasks": 14,
  "per_task_correct": {
    "wc_words": 7,
    "wc_lines": 0,
    "file_size": 3,
    "list_etc": 0,
    "find_py": 0,
    "find_exec": 0,
    "sort_uniq": 0,
    "head_lines": 5,
    "grep_ip": 1,
    "awk_users": 4,
    "python_version": 1,
    "os_info": 3,
    "pwd_check": 0,
    "env_home": 0
  },
  "pass_at_k": {
    "1": 0.10714285714285714,
    "2": 0.1886904761904762,
    "3": 0.2511479591836735,
    "4": 0.29941130298273155,
    "5": 0.33712715855573,
    "6": 0.3669901527044384,
    "7": 0.39098401598401594,
    "8": 0.4105727605727606,
    "9": 0.42684815184815184,
    "10": 0.4406397174254317,
    "11": 0.452593537414966,
    "12": 0.4632260596546311,
    "13": 0.4729591836734694,
    "14": 0.48214285714285715,
    "15": 0.49107142857142855,
    "16": 0.5
  }
}