{
  "env": "code_mbpp",
  "model": "mbpp7b_vec_s1",
  "n": 16,
  "num_examples": 100,
  "per_example_correct": [
    0,
    0,
    0,
    0,
    0,
    0,
    0,
    0,
    0,
    0,
    0,
    0,
    0,
    0,
    0,
    0,
    0,
    0,
    0,
    0,
    0,
    0,
    0,
    0,
    0,
    0,
    0,
    0,
    16,
    0,
    0,
    0,
    0,
    0,
    0,
    0,
    0,
    0,
    0,
    3,
    16,
    0,
    0,
    0,
    0,
    0,
    7,
    0,
    16,
    16,
    0,
    16,
    0,
    0,
    0,
    0,
    0,
    0,
    0,
    7,
    0,
    12,
    0,
    0,
    0,
    0,
    0,
    0,
    0,
    0,
    0,
    0,
    11,
    0,
    0,
    0,
    0,
    0,
    0,
    0,
    0,
    0,
    0,
    0,
    0,
    16,
    16,
    0,
    0,
    0,
    0,
    0,
    0,
    0,
    14,
    0,
    0,
    11,
    0,
    0
  ],
  "pass_at_k": {
    "1": 0.110625,
    "2": 0.12525,
    "3": 0.13146428571428573,
    "4": 0.13462637362637364,
    "5": 0.1364720695970696,
    "6": 0.13764735264735264,
    "7": 0.13843706293706293,
    "8": 0.13898601398601398,
    "9": 0.13937325174825174,
    "10": 0.13964285714285712,
    "11": 0.13982142857142857,
    "12": 0.13992857142857143,
    "13": 0.13998214285714286,
    "14": 0.14,
    "15": 0.14,
    "16": 0.14
  }
}