{
  "env": "code_mbpp",
  "model": "Qwen/Qwen2.5-7B-Instruct",
  "n": 16,
  "num_examples": 100,
  "per_example_correct": [
    0,
    0,
    0,
    0,
    8,
    0,
    0,
    0,
    0,
    0,
    0,
    0,
    0,
    0,
    0,
    0,
    0,
    0,
    8,
    0,
    0,
    0,
    0,
    0,
    0,
    0,
    0,
    0,
    15,
    0,
    0,
    0,
    0,
    9,
    0,
    0,
    0,
    0,
    0,
    9,
    12,
    0,
    0,
    0,
    0,
    0,
    16,
    10,
    0,
    11,
    0,
    15,
    0,
    0,
    0,
    0,
    0,
    0,
    0,
    0,
    0,
    16,
    0,
    0,
    0,
    0,
    0,
    0,
    0,
    0,
    0,
    0,
    16,
    0,
    0,
    0,
    0,
    0,
    0,
    0,
    0,
    0,
    0,
    0,
    0,
    16,
    10,
    0,
    0,
    0,
    0,
    0,
    0,
    0,
    2,
    0,
    0,
    0,
    0,
    0
  ],
  "pass_at_k": {
    "1": 0.108125,
    "2": 0.13041666666666665,
    "3": 0.1392857142857143,
    "4": 0.14314835164835166,
    "5": 0.14503434065934065,
    "6": 0.1461600899100899,
    "7": 0.14698426573426573,
    "8": 0.14766511266511265,
    "9": 0.14825,
    "10": 0.14875,
    "11": 0.14916666666666667,
    "12": 0.1495,
    "13": 0.14975,
    "14": 0.14991666666666667,
    "15": 0.15,
    "16": 0.15
  }
}