{
  "model": "corrfixed_s3",
  "n": 16,
  "num_tasks": 14,
  "per_task_correct": {
    "wc_words": 11,
    "wc_lines": 12,
    "file_size": 15,
    "list_etc": 0,
    "find_py": 7,
    "find_exec": 0,
    "sort_uniq": 6,
    "head_lines": 1,
    "grep_ip": 0,
    "awk_users": 6,
    "python_version": 0,
    "os_info": 0,
    "pwd_check": 0,
    "env_home": 0
  },
  "pass_at_k": {
    "1": 0.25892857142857145,
    "2": 0.35297619047619044,
    "3": 0.3988520408163265,
    "4": 0.42476452119309266,
    "5": 0.4405743066457352,
    "6": 0.45086163836163834,
    "7": 0.45809815184815184,
    "8": 0.46373626373626375,
    "9": 0.4686188811188811,
    "10": 0.4731964464107321,
    "11": 0.47767857142857145,
    "12": 0.48214285714285715,
    "13": 0.48660714285714285,
    "14": 0.49107142857142855,
    "15": 0.4955357142857143,
    "16": 0.5
  }
}