{
  "model": "corrfixed_s6",
  "n": 16,
  "num_tasks": 14,
  "per_task_correct": {
    "wc_words": 16,
    "wc_lines": 16,
    "file_size": 16,
    "list_etc": 0,
    "find_py": 6,
    "find_exec": 0,
    "sort_uniq": 1,
    "head_lines": 11,
    "grep_ip": 0,
    "awk_users": 16,
    "python_version": 11,
    "os_info": 14,
    "pwd_check": 1,
    "env_home": 9
  },
  "pass_at_k": {
    "1": 0.5223214285714286,
    "2": 0.6089285714285715,
    "3": 0.6473214285714286,
    "4": 0.6685635792778649,
    "5": 0.683003008895866,
    "6": 0.694493006993007,
    "7": 0.7046016483516483,
    "8": 0.714035964035964,
    "9": 0.7231518481518481,
    "10": 0.7321339374910804,
    "11": 0.7410714285714286,
    "12": 0.75,
    "13": 0.7589285714285714,
    "14": 0.7678571428571429,
    "15": 0.7767857142857143,
    "16": 0.7857142857142857
  }
}