{
  "env": "code_mbpp",
  "model": "code_mbpp_grpo_s1",
  "n": 16,
  "num_examples": 100,
  "per_example_correct": [
    0,
    1,
    0,
    0,
    10,
    0,
    0,
    0,
    0,
    0,
    0,
    0,
    0,
    0,
    1,
    0,
    0,
    0,
    0,
    0,
    11,
    0,
    0,
    0,
    0,
    0,
    0,
    0,
    7,
    0,
    0,
    0,
    0,
    4,
    0,
    0,
    0,
    0,
    0,
    4,
    15,
    0,
    0,
    0,
    0,
    0,
    8,
    1,
    0,
    4,
    0,
    11,
    0,
    0,
    0,
    0,
    0,
    0,
    0,
    8,
    0,
    8,
    0,
    0,
    0,
    0,
    0,
    0,
    0,
    0,
    0,
    0,
    12,
    0,
    0,
    0,
    0,
    0,
    1,
    0,
    0,
    0,
    0,
    0,
    0,
    14,
    1,
    0,
    0,
    0,
    0,
    5,
    0,
    0,
    0,
    0,
    0,
    0,
    0,
    0
  ],
  "pass_at_k": {
    "1": 0.07875,
    "2": 0.11166666666666666,
    "3": 0.12935714285714284,
    "4": 0.14053846153846153,
    "5": 0.14843635531135532,
    "6": 0.1545004995004995,
    "7": 0.15945716783216782,
    "8": 0.16370862470862468,
    "9": 0.16749912587412588,
    "10": 0.17098901098901098,
    "11": 0.17429029304029303,
    "12": 0.17748351648351648,
    "13": 0.180625,
    "14": 0.18375,
    "15": 0.186875,
    "16": 0.19
  }
}