{
  "model": "corrmgda_s7",
  "n": 16,
  "num_tasks": 14,
  "per_task_correct": {
    "wc_words": 16,
    "wc_lines": 15,
    "file_size": 13,
    "list_etc": 0,
    "find_py": 1,
    "find_exec": 0,
    "sort_uniq": 4,
    "head_lines": 16,
    "grep_ip": 2,
    "awk_users": 12,
    "python_version": 16,
    "os_info": 7,
    "pwd_check": 10,
    "env_home": 7
  },
  "pass_at_k": {
    "1": 0.53125,
    "2": 0.644047619047619,
    "3": 0.7000000000000001,
    "4": 0.7343406593406593,
    "5": 0.7581272893772893,
    "6": 0.7759651063222491,
    "7": 0.7901411088911089,
    "8": 0.8019147519147519,
    "9": 0.8120067432567433,
    "10": 0.8208398744113029,
    "11": 0.8286728152799582,
    "12": 0.8356750392464678,
    "13": 0.8419642857142857,
    "14": 0.8476190476190476,
    "15": 0.8526785714285714,
    "16": 0.8571428571428571
  }
}