{
  "env": "wordle",
  "model": "wordle_fixed_s3",
  "n": 16,
  "num_examples": 20,
  "per_example_correct": [
    0,
    0,
    1,
    0,
    1,
    0,
    0,
    0,
    0,
    0,
    3,
    0,
    0,
    0,
    0,
    0,
    0,
    0,
    1,
    1
  ],
  "pass_at_k": {
    "1": 0.021875,
    "2": 0.042499999999999996,
    "3": 0.061964285714285715,
    "4": 0.08035714285714286,
    "5": 0.09776785714285714,
    "6": 0.11428571428571428,
    "7": 0.13,
    "8": 0.145,
    "9": 0.159375,
    "10": 0.1732142857142857,
    "11": 0.18660714285714286,
    "12": 0.19964285714285715,
    "13": 0.21241071428571429,
    "14": 0.225,
    "15": 0.2375,
    "16": 0.25
  }
}