{
  "env": "gsm8k",
  "model": "gsm8k_mgda_s3",
  "n": 16,
  "num_examples": 100,
  "per_example_correct": [
    10,
    11,
    2,
    11,
    10,
    7,
    13,
    0,
    0,
    9,
    11,
    4,
    1,
    8,
    6,
    2,
    3,
    9,
    7,
    2,
    2,
    4,
    12,
    15,
    7,
    14,
    12,
    11,
    12,
    10,
    15,
    12,
    6,
    13,
    12,
    8,
    8,
    0,
    2,
    8,
    13,
    5,
    16,
    2,
    2,
    9,
    6,
    11,
    14,
    13,
    5,
    0,
    6,
    12,
    3,
    14,
    8,
    15,
    2,
    14,
    1,
    12,
    0,
    7,
    9,
    5,
    8,
    9,
    12,
    13,
    8,
    16,
    15,
    7,
    8,
    1,
    13,
    11,
    7,
    11,
    8,
    13,
    12,
    15,
    8,
    5,
    9,
    0,
    14,
    3,
    12,
    12,
    11,
    6,
    10,
    7,
    10,
    5,
    1,
    2
  ],
  "pass_at_k": {
    "1": 0.509375,
    "2": 0.6891666666666667,
    "3": 0.772,
    "4": 0.8179010989010989,
    "5": 0.8469345238095238,
    "6": 0.8671753246753247,
    "7": 0.8823531468531469,
    "8": 0.8943581973581973,
    "9": 0.9042001748251748,
    "10": 0.9124388111888112,
    "11": 0.9193978937728937,
    "12": 0.9252747252747252,
    "13": 0.9301964285714286,
    "14": 0.93425,
    "15": 0.9375,
    "16": 0.94
  }
}