{
  "model": "corrmgda_s10",
  "n": 16,
  "num_tasks": 14,
  "per_task_correct": {
    "wc_words": 15,
    "wc_lines": 13,
    "file_size": 16,
    "list_etc": 0,
    "find_py": 3,
    "find_exec": 0,
    "sort_uniq": 0,
    "head_lines": 16,
    "grep_ip": 2,
    "awk_users": 12,
    "python_version": 16,
    "os_info": 7,
    "pwd_check": 10,
    "env_home": 9
  },
  "pass_at_k": {
    "1": 0.53125,
    "2": 0.6369047619047619,
    "3": 0.684438775510204,
    "4": 0.7114207221350078,
    "5": 0.7294283097854527,
    "6": 0.7428018410161268,
    "7": 0.7533404095904095,
    "8": 0.7618548118548117,
    "9": 0.7687437562437562,
    "10": 0.774234693877551,
    "11": 0.7784863945578231,
    "12": 0.7816326530612245,
    "13": 0.7838010204081634,
    "14": 0.7851190476190476,
    "15": 0.7857142857142857,
    "16": 0.7857142857142857
  }
}