{
  "model": "coverage_s6",
  "n": 16,
  "num_tasks": 14,
  "per_task_correct": {
    "wc_words": 7,
    "wc_lines": 3,
    "file_size": 3,
    "list_etc": 7,
    "find_py": 0,
    "find_exec": 0,
    "sort_uniq": 0,
    "head_lines": 3,
    "grep_ip": 0,
    "awk_users": 0,
    "python_version": 2,
    "os_info": 1,
    "pwd_check": 1,
    "env_home": 0
  },
  "pass_at_k": {
    "1": 0.12053571428571429,
    "2": 0.2101190476190476,
    "3": 0.2780612244897959,
    "4": 0.33092621664050237,
    "5": 0.3732175562532705,
    "6": 0.4079402740117026,
    "7": 0.4370504495504495,
    "8": 0.46180486180486185,
    "9": 0.48302322677322673,
    "10": 0.5012755102040817,
    "11": 0.5170068027210885,
    "12": 0.5306122448979592,
    "13": 0.5424744897959184,
    "14": 0.5529761904761905,
    "15": 0.5625,
    "16": 0.5714285714285714
  }
}