{
  "env": "code_mbpp",
  "model": "code_mbpp_fixed_s1",
  "n": 16,
  "num_examples": 100,
  "per_example_correct": [
    0,
    3,
    0,
    0,
    13,
    0,
    0,
    0,
    0,
    0,
    0,
    0,
    0,
    0,
    0,
    0,
    0,
    0,
    0,
    0,
    0,
    0,
    0,
    0,
    0,
    0,
    0,
    0,
    0,
    0,
    0,
    0,
    0,
    0,
    0,
    0,
    0,
    0,
    0,
    4,
    13,
    0,
    0,
    0,
    0,
    0,
    0,
    0,
    0,
    0,
    0,
    6,
    0,
    0,
    0,
    0,
    0,
    0,
    0,
    1,
    0,
    0,
    0,
    0,
    0,
    0,
    0,
    0,
    0,
    0,
    0,
    0,
    0,
    0,
    0,
    0,
    0,
    0,
    0,
    0,
    0,
    0,
    0,
    0,
    0,
    0,
    0,
    0,
    0,
    0,
    0,
    0,
    0,
    0,
    0,
    0,
    0,
    4,
    0,
    0
  ],
  "pass_at_k": {
    "1": 0.0275,
    "2": 0.0395,
    "3": 0.04673214285714286,
    "4": 0.05197802197802198,
    "5": 0.05597527472527473,
    "6": 0.05903721278721279,
    "7": 0.061385489510489506,
    "8": 0.0631958041958042,
    "9": 0.06460664335664336,
    "10": 0.06572677322677323,
    "11": 0.06664148351648351,
    "12": 0.06741758241758242,
    "13": 0.06810714285714287,
    "14": 0.06875,
    "15": 0.069375,
    "16": 0.07
  }
}