{
  "model": "k5step20",
  "n": 16,
  "num_tasks": 14,
  "per_task_correct": {
    "wc_words": 15,
    "wc_lines": 11,
    "file_size": 14,
    "list_etc": 0,
    "find_py": 1,
    "find_exec": 0,
    "sort_uniq": 0,
    "head_lines": 16,
    "grep_ip": 4,
    "awk_users": 13,
    "python_version": 16,
    "os_info": 5,
    "pwd_check": 11,
    "env_home": 11
  },
  "pass_at_k": {
    "1": 0.5223214285714286,
    "2": 0.630952380952381,
    "3": 0.6746173469387754,
    "4": 0.6991758241758241,
    "5": 0.7160518053375197,
    "6": 0.7287087912087912,
    "7": 0.7385302197802198,
    "8": 0.7463369963369964,
    "9": 0.7527472527472527,
    "10": 0.7582417582417582,
    "11": 0.7631802721088435,
    "12": 0.7678178963893251,
    "13": 0.7723214285714286,
    "14": 0.7767857142857143,
    "15": 0.78125,
    "16": 0.7857142857142857
  }
}