{
  "env": "code_mbpp",
  "model": "mbpp7b_mgda_s3",
  "n": 16,
  "num_examples": 100,
  "per_example_correct": [
    0,
    0,
    0,
    0,
    8,
    0,
    0,
    0,
    0,
    0,
    0,
    0,
    0,
    0,
    0,
    0,
    0,
    0,
    7,
    0,
    0,
    0,
    0,
    0,
    0,
    0,
    0,
    0,
    16,
    0,
    0,
    0,
    0,
    8,
    0,
    0,
    0,
    0,
    0,
    12,
    13,
    0,
    0,
    0,
    0,
    0,
    16,
    14,
    0,
    11,
    0,
    14,
    0,
    0,
    0,
    0,
    0,
    0,
    0,
    0,
    0,
    16,
    0,
    0,
    0,
    0,
    0,
    0,
    0,
    0,
    0,
    0,
    16,
    0,
    0,
    0,
    0,
    0,
    0,
    0,
    0,
    0,
    0,
    0,
    0,
    16,
    8,
    0,
    0,
    0,
    0,
    0,
    0,
    0,
    0,
    0,
    0,
    0,
    0,
    0
  ],
  "pass_at_k": {
    "1": 0.109375,
    "2": 0.12825,
    "3": 0.13523214285714286,
    "4": 0.13812087912087911,
    "5": 0.13932463369963372,
    "6": 0.13979020979020979,
    "7": 0.13994755244755244,
    "8": 0.139990675990676,
    "9": 0.13999912587412588,
    "10": 0.14,
    "11": 0.14,
    "12": 0.14,
    "13": 0.14,
    "14": 0.14,
    "15": 0.14,
    "16": 0.14
  }
}