{
  "env": "tool_test",
  "model": "tooltest_fixed_s2",
  "n": 16,
  "num_examples": 100,
  "per_example_correct": [
    16,
    16,
    16,
    16,
    16,
    16,
    16,
    16,
    16,
    16,
    16,
    16,
    16,
    16,
    16,
    16,
    16,
    13,
    16,
    16,
    16,
    16,
    16,
    14,
    16,
    16,
    16,
    15,
    16,
    16,
    16,
    16,
    16,
    15,
    16,
    16,
    14,
    16,
    16,
    16,
    16,
    16,
    16,
    16,
    16,
    16,
    16,
    16,
    16,
    16,
    16,
    12,
    16,
    16,
    16,
    15,
    16,
    16,
    14,
    16,
    16,
    16,
    16,
    16,
    16,
    16,
    16,
    16,
    16,
    16,
    16,
    16,
    16,
    16,
    16,
    16,
    16,
    16,
    16,
    10,
    16,
    16,
    16,
    16,
    16,
    12,
    16,
    16,
    16,
    15,
    10,
    16,
    16,
    16,
    16,
    12,
    16,
    16,
    16,
    16
  ],
  "pass_at_k": {
    "1": 0.976875,
    "2": 0.9954999999999999,
    "3": 0.9990535714285714,
    "4": 0.9998186813186812,
    "5": 0.9999725274725274,
    "6": 0.9999975024975025,
    "7": 1.0,
    "8": 1.0,
    "9": 1.0,
    "10": 1.0,
    "11": 1.0,
    "12": 1.0,
    "13": 1.0,
    "14": 1.0,
    "15": 1.0,
    "16": 1.0
  }
}