{
  "model": "corrdir_s5",
  "n": 16,
  "num_tasks": 14,
  "per_task_correct": {
    "wc_words": 16,
    "wc_lines": 16,
    "file_size": 16,
    "list_etc": 0,
    "find_py": 2,
    "find_exec": 0,
    "sort_uniq": 2,
    "head_lines": 6,
    "grep_ip": 0,
    "awk_users": 12,
    "python_version": 5,
    "os_info": 10,
    "pwd_check": 1,
    "env_home": 5
  },
  "pass_at_k": {
    "1": 0.40625,
    "2": 0.5101190476190476,
    "3": 0.5743622448979592,
    "4": 0.6187990580847724,
    "5": 0.6518020669806385,
    "6": 0.677376195233338,
    "7": 0.6978084415584416,
    "8": 0.7145854145854146,
    "9": 0.7287150349650349,
    "10": 0.7408662765805624,
    "11": 0.751455389848247,
    "12": 0.7607142857142858,
    "13": 0.7687499999999999,
    "14": 0.7755952380952381,
    "15": 0.78125,
    "16": 0.7857142857142857
  }
}