{
  "env": "code_mbpp",
  "model": "mbpp7b_grpo_s3",
  "n": 16,
  "num_examples": 100,
  "per_example_correct": [
    0,
    0,
    0,
    0,
    16,
    0,
    0,
    0,
    0,
    0,
    0,
    0,
    0,
    0,
    0,
    0,
    0,
    0,
    6,
    0,
    0,
    0,
    0,
    0,
    0,
    0,
    0,
    0,
    16,
    0,
    0,
    0,
    0,
    3,
    0,
    0,
    0,
    0,
    0,
    7,
    16,
    0,
    0,
    0,
    0,
    0,
    16,
    7,
    0,
    12,
    0,
    16,
    0,
    0,
    0,
    0,
    0,
    0,
    0,
    0,
    0,
    16,
    0,
    0,
    0,
    0,
    0,
    0,
    0,
    0,
    0,
    0,
    16,
    0,
    0,
    0,
    0,
    0,
    0,
    0,
    0,
    0,
    0,
    0,
    1,
    16,
    16,
    0,
    0,
    0,
    0,
    0,
    0,
    0,
    5,
    0,
    0,
    0,
    0,
    0
  ],
  "pass_at_k": {
    "1": 0.115625,
    "2": 0.12991666666666668,
    "3": 0.13860714285714285,
    "4": 0.1442142857142857,
    "5": 0.14796703296703298,
    "6": 0.15055819180819183,
    "7": 0.1524187062937063,
    "8": 0.15382284382284384,
    "9": 0.15494143356643356,
    "10": 0.15587787212787213,
    "11": 0.1566941391941392,
    "12": 0.15742857142857145,
    "13": 0.15810714285714286,
    "14": 0.15875,
    "15": 0.159375,
    "16": 0.16
  }
}