{
  "env": "gsm8k",
  "model": "gsm8k_grpo_s2",
  "n": 16,
  "num_examples": 100,
  "per_example_correct": [
    13,
    16,
    6,
    13,
    6,
    7,
    16,
    0,
    0,
    16,
    3,
    3,
    4,
    6,
    15,
    1,
    10,
    15,
    16,
    9,
    3,
    3,
    16,
    14,
    16,
    16,
    16,
    13,
    12,
    10,
    15,
    16,
    13,
    16,
    16,
    15,
    16,
    0,
    13,
    9,
    16,
    2,
    15,
    8,
    8,
    14,
    5,
    14,
    16,
    16,
    13,
    1,
    7,
    13,
    4,
    16,
    16,
    14,
    4,
    16,
    7,
    16,
    0,
    8,
    12,
    11,
    8,
    11,
    16,
    12,
    10,
    16,
    16,
    14,
    16,
    2,
    16,
    14,
    14,
    16,
    14,
    16,
    16,
    16,
    16,
    8,
    8,
    1,
    16,
    9,
    16,
    16,
    11,
    8,
    15,
    16,
    16,
    9,
    5,
    2
  ],
  "pass_at_k": {
    "1": 0.69375,
    "2": 0.8055833333333333,
    "3": 0.8556428571428571,
    "4": 0.8841538461538461,
    "5": 0.9025503663003662,
    "6": 0.9154283216783218,
    "7": 0.9250096153846153,
    "8": 0.9324584304584305,
    "9": 0.938423076923077,
    "10": 0.943292957042957,
    "11": 0.947323717948718,
    "12": 0.9506978021978021,
    "13": 0.9535535714285714,
    "14": 0.956,
    "15": 0.958125,
    "16": 0.96
  }
}