{
  "env": "code_mbpp",
  "model": "mbpp7b_grpo_s1",
  "n": 16,
  "num_examples": 100,
  "per_example_correct": [
    0,
    0,
    0,
    0,
    16,
    0,
    0,
    0,
    0,
    0,
    0,
    0,
    0,
    0,
    1,
    0,
    0,
    0,
    12,
    0,
    0,
    0,
    0,
    0,
    0,
    0,
    0,
    0,
    16,
    0,
    0,
    0,
    0,
    5,
    0,
    0,
    0,
    0,
    0,
    6,
    14,
    0,
    0,
    0,
    0,
    0,
    16,
    14,
    0,
    12,
    0,
    16,
    0,
    0,
    0,
    0,
    0,
    0,
    0,
    0,
    0,
    16,
    0,
    0,
    0,
    0,
    0,
    0,
    0,
    0,
    0,
    0,
    16,
    0,
    0,
    0,
    0,
    0,
    0,
    0,
    0,
    0,
    0,
    0,
    0,
    16,
    16,
    0,
    0,
    0,
    0,
    0,
    0,
    0,
    2,
    0,
    0,
    0,
    0,
    0
  ],
  "pass_at_k": {
    "1": 0.12125,
    "2": 0.13416666666666666,
    "3": 0.14014285714285715,
    "4": 0.14402197802197803,
    "5": 0.14690705128205128,
    "6": 0.14916083916083916,
    "7": 0.15098164335664335,
    "8": 0.15250349650349648,
    "9": 0.15381818181818183,
    "10": 0.154985014985015,
    "11": 0.15603937728937728,
    "12": 0.157,
    "13": 0.157875,
    "14": 0.15866666666666668,
    "15": 0.159375,
    "16": 0.16
  }
}