{
  "model": "corrfixed_s2",
  "n": 16,
  "num_tasks": 14,
  "per_task_correct": {
    "wc_words": 9,
    "wc_lines": 15,
    "file_size": 14,
    "list_etc": 0,
    "find_py": 7,
    "find_exec": 0,
    "sort_uniq": 1,
    "head_lines": 0,
    "grep_ip": 0,
    "awk_users": 9,
    "python_version": 0,
    "os_info": 0,
    "pwd_check": 0,
    "env_home": 0
  },
  "pass_at_k": {
    "1": 0.24553571428571427,
    "2": 0.3190476190476191,
    "3": 0.3508928571428571,
    "4": 0.36730769230769234,
    "5": 0.37671703296703296,
    "6": 0.3830544455544455,
    "7": 0.3881555944055944,
    "8": 0.3928071928071928,
    "9": 0.3973151848151848,
    "10": 0.4017857142857143,
    "11": 0.40625,
    "12": 0.4107142857142857,
    "13": 0.41517857142857145,
    "14": 0.41964285714285715,
    "15": 0.42410714285714285,
    "16": 0.42857142857142855
  }
}