{
  "env": "reasoning_gym_env",
  "model": "rgym_fixed_s3",
  "n": 16,
  "num_examples": 100,
  "per_example_correct": [
    4,
    0,
    0,
    7,
    0,
    0,
    0,
    0,
    0,
    0,
    16,
    8,
    9,
    0,
    0,
    0,
    0,
    0,
    0,
    0,
    0,
    0,
    0,
    0,
    0,
    0,
    12,
    0,
    10,
    0,
    0,
    0,
    0,
    0,
    0,
    1,
    0,
    0,
    3,
    0,
    0,
    0,
    10,
    0,
    0,
    0,
    0,
    0,
    0,
    0,
    0,
    0,
    0,
    0,
    0,
    0,
    0,
    0,
    0,
    0,
    0,
    16,
    0,
    0,
    0,
    0,
    0,
    1,
    0,
    12,
    0,
    0,
    0,
    0,
    0,
    0,
    0,
    16,
    0,
    0,
    6,
    6,
    0,
    1,
    16,
    0,
    0,
    0,
    6,
    12,
    0,
    0,
    0,
    0,
    0,
    0,
    0,
    10,
    0,
    0
  ],
  "pass_at_k": {
    "1": 0.11375,
    "2": 0.14816666666666667,
    "3": 0.16574999999999998,
    "4": 0.17585714285714285,
    "5": 0.18237866300366298,
    "6": 0.18701423576423576,
    "7": 0.19057867132867135,
    "8": 0.1935027195027195,
    "9": 0.19603059440559442,
    "10": 0.19830669330669332,
    "11": 0.20041895604395607,
    "12": 0.2024230769230769,
    "13": 0.20435714285714288,
    "14": 0.20625,
    "15": 0.208125,
    "16": 0.21
  }
}