{
  "env": "code_mbpp",
  "model": "code_mbpp_mgda_s2",
  "n": 16,
  "num_examples": 100,
  "per_example_correct": [
    0,
    1,
    0,
    0,
    3,
    0,
    0,
    0,
    0,
    0,
    0,
    0,
    0,
    0,
    3,
    0,
    0,
    0,
    0,
    0,
    6,
    0,
    0,
    0,
    0,
    0,
    0,
    0,
    4,
    0,
    0,
    0,
    0,
    4,
    0,
    0,
    0,
    0,
    0,
    5,
    12,
    0,
    0,
    0,
    0,
    0,
    8,
    4,
    0,
    5,
    0,
    7,
    0,
    0,
    0,
    0,
    0,
    0,
    0,
    4,
    0,
    6,
    0,
    0,
    0,
    0,
    0,
    0,
    0,
    0,
    0,
    0,
    8,
    0,
    0,
    0,
    0,
    0,
    0,
    0,
    0,
    0,
    0,
    0,
    0,
    6,
    2,
    0,
    0,
    0,
    0,
    2,
    0,
    0,
    0,
    0,
    0,
    0,
    0,
    0
  ],
  "pass_at_k": {
    "1": 0.05625,
    "2": 0.0925,
    "3": 0.11705357142857142,
    "4": 0.1342087912087912,
    "5": 0.14642170329670331,
    "6": 0.15523351648351646,
    "7": 0.16166870629370628,
    "8": 0.16642501942501944,
    "9": 0.16998251748251747,
    "10": 0.17267482517482516,
    "11": 0.1747367216117216,
    "12": 0.17633516483516484,
    "13": 0.17758928571428573,
    "14": 0.17858333333333334,
    "15": 0.179375,
    "16": 0.18
  }
}