{
  "env": "gsm8k",
  "model": "gsm8k_grpo_s3",
  "n": 16,
  "num_examples": 100,
  "per_example_correct": [
    12,
    16,
    5,
    10,
    10,
    7,
    16,
    1,
    0,
    15,
    5,
    5,
    1,
    10,
    15,
    4,
    7,
    15,
    16,
    9,
    5,
    2,
    16,
    16,
    15,
    16,
    16,
    14,
    12,
    10,
    16,
    16,
    13,
    16,
    16,
    15,
    14,
    2,
    15,
    9,
    16,
    8,
    15,
    4,
    6,
    16,
    3,
    12,
    16,
    16,
    15,
    2,
    14,
    14,
    3,
    16,
    16,
    13,
    8,
    16,
    2,
    16,
    0,
    7,
    10,
    12,
    9,
    13,
    16,
    15,
    13,
    16,
    16,
    14,
    12,
    1,
    13,
    16,
    14,
    16,
    13,
    16,
    16,
    16,
    16,
    4,
    10,
    0,
    16,
    6,
    16,
    16,
    12,
    10,
    14,
    16,
    16,
    10,
    4,
    0
  ],
  "pass_at_k": {
    "1": 0.7,
    "2": 0.8085833333333333,
    "3": 0.8558571428571429,
    "4": 0.883087912087912,
    "5": 0.9011355311355311,
    "6": 0.914095904095904,
    "7": 0.9238811188811189,
    "8": 0.9315229215229215,
    "9": 0.9376433566433566,
    "10": 0.9426486013986013,
    "11": 0.9468154761904762,
    "12": 0.9503351648351648,
    "13": 0.9533392857142857,
    "14": 0.9559166666666666,
    "15": 0.958125,
    "16": 0.96
  }
}