{
  "model": "corrmgda_s5",
  "n": 16,
  "num_tasks": 14,
  "per_task_correct": {
    "wc_words": 15,
    "wc_lines": 14,
    "file_size": 15,
    "list_etc": 0,
    "find_py": 3,
    "find_exec": 0,
    "sort_uniq": 4,
    "head_lines": 15,
    "grep_ip": 10,
    "awk_users": 8,
    "python_version": 16,
    "os_info": 3,
    "pwd_check": 9,
    "env_home": 11
  },
  "pass_at_k": {
    "1": 0.5491071428571429,
    "2": 0.6803571428571429,
    "3": 0.7406887755102041,
    "4": 0.7766875981161696,
    "5": 0.8007260596546312,
    "6": 0.817967746539175,
    "7": 0.830713036963037,
    "8": 0.8401043401043401,
    "9": 0.8468406593406593,
    "10": 0.8514521193092621,
    "11": 0.8543956043956044,
    "12": 0.8560832025117738,
    "13": 0.8568877551020408,
    "14": 0.8571428571428571,
    "15": 0.8571428571428571,
    "16": 0.8571428571428571
  }
}