{
  "model": "ctrls1",
  "n": 16,
  "num_tasks": 14,
  "per_task_correct": {
    "wc_words": 7,
    "wc_lines": 8,
    "file_size": 9,
    "list_etc": 0,
    "find_py": 7,
    "find_exec": 0,
    "sort_uniq": 1,
    "head_lines": 0,
    "grep_ip": 0,
    "awk_users": 2,
    "python_version": 0,
    "os_info": 0,
    "pwd_check": 0,
    "env_home": 0
  },
  "pass_at_k": {
    "1": 0.15178571428571427,
    "2": 0.2398809523809524,
    "3": 0.2910714285714286,
    "4": 0.3217032967032967,
    "5": 0.34134615384615385,
    "6": 0.35533216783216787,
    "7": 0.36645854145854145,
    "8": 0.3760850260850261,
    "9": 0.38480894105894103,
    "10": 0.39285714285714285,
    "11": 0.40029761904761907,
    "12": 0.40714285714285714,
    "13": 0.4133928571428571,
    "14": 0.41904761904761906,
    "15": 0.42410714285714285,
    "16": 0.42857142857142855
  }
}