{
  "model": "corrdir_s7",
  "n": 16,
  "num_tasks": 14,
  "per_task_correct": {
    "wc_words": 16,
    "wc_lines": 16,
    "file_size": 16,
    "list_etc": 0,
    "find_py": 7,
    "find_exec": 0,
    "sort_uniq": 6,
    "head_lines": 16,
    "grep_ip": 1,
    "awk_users": 16,
    "python_version": 16,
    "os_info": 16,
    "pwd_check": 16,
    "env_home": 12
  },
  "pass_at_k": {
    "1": 0.6875,
    "2": 0.7428571428571429,
    "3": 0.7725765306122448,
    "4": 0.7903453689167975,
    "5": 0.8018543956043956,
    "6": 0.8098776223776224,
    "7": 0.8159902597402597,
    "8": 0.8211288711288711,
    "9": 0.8258241758241758,
    "10": 0.830348223205366,
    "11": 0.8348214285714286,
    "12": 0.8392857142857143,
    "13": 0.84375,
    "14": 0.8482142857142857,
    "15": 0.8526785714285714,
    "16": 0.8571428571428571
  }
}