{
  "model": "corrdir_s2",
  "n": 16,
  "num_tasks": 14,
  "per_task_correct": {
    "wc_words": 16,
    "wc_lines": 16,
    "file_size": 16,
    "list_etc": 0,
    "find_py": 7,
    "find_exec": 0,
    "sort_uniq": 1,
    "head_lines": 15,
    "grep_ip": 0,
    "awk_users": 15,
    "python_version": 11,
    "os_info": 16,
    "pwd_check": 7,
    "env_home": 6
  },
  "pass_at_k": {
    "1": 0.5625,
    "2": 0.6476190476190476,
    "3": 0.6896683673469388,
    "4": 0.7138147566718995,
    "5": 0.7283490319204605,
    "6": 0.7376998001998002,
    "7": 0.7443369130869131,
    "8": 0.7496503496503496,
    "9": 0.7543893606393607,
    "10": 0.7589196517767947,
    "11": 0.7633928571428571,
    "12": 0.7678571428571429,
    "13": 0.7723214285714286,
    "14": 0.7767857142857143,
    "15": 0.78125,
    "16": 0.7857142857142857
  }
}