{
  "model": "corrdir_s4",
  "n": 16,
  "num_tasks": 14,
  "per_task_correct": {
    "wc_words": 16,
    "wc_lines": 16,
    "file_size": 16,
    "list_etc": 0,
    "find_py": 5,
    "find_exec": 0,
    "sort_uniq": 1,
    "head_lines": 15,
    "grep_ip": 0,
    "awk_users": 16,
    "python_version": 15,
    "os_info": 16,
    "pwd_check": 5,
    "env_home": 7
  },
  "pass_at_k": {
    "1": 0.5714285714285714,
    "2": 0.6363095238095238,
    "3": 0.6748724489795919,
    "4": 0.7012951334379905,
    "5": 0.7194368131868132,
    "6": 0.7320804195804195,
    "7": 0.7411900599400599,
    "8": 0.748118548118548,
    "9": 0.7537712287712288,
    "10": 0.758732339089482,
    "11": 0.7633601517530089,
    "12": 0.7678571428571429,
    "13": 0.7723214285714286,
    "14": 0.7767857142857143,
    "15": 0.78125,
    "16": 0.7857142857142857
  }
}