{
  "model": "ctrls2",
  "n": 16,
  "num_tasks": 14,
  "per_task_correct": {
    "wc_words": 16,
    "wc_lines": 16,
    "file_size": 16,
    "list_etc": 0,
    "find_py": 8,
    "find_exec": 0,
    "sort_uniq": 0,
    "head_lines": 13,
    "grep_ip": 0,
    "awk_users": 16,
    "python_version": 14,
    "os_info": 16,
    "pwd_check": 11,
    "env_home": 13
  },
  "pass_at_k": {
    "1": 0.6205357142857143,
    "2": 0.6875,
    "3": 0.7056122448979592,
    "4": 0.711342229199372,
    "5": 0.7133536106750392,
    "6": 0.714035964035964,
    "7": 0.7142357642357642,
    "8": 0.7142801642801643,
    "9": 0.7142857142857143,
    "10": 0.7142857142857143,
    "11": 0.7142857142857143,
    "12": 0.7142857142857143,
    "13": 0.7142857142857143,
    "14": 0.7142857142857143,
    "15": 0.7142857142857143,
    "16": 0.7142857142857143
  }
}