{
  "model": "coverage_s8",
  "n": 16,
  "num_tasks": 14,
  "per_task_correct": {
    "wc_words": 9,
    "wc_lines": 3,
    "file_size": 8,
    "list_etc": 3,
    "find_py": 2,
    "find_exec": 0,
    "sort_uniq": 1,
    "head_lines": 5,
    "grep_ip": 1,
    "awk_users": 6,
    "python_version": 0,
    "os_info": 1,
    "pwd_check": 1,
    "env_home": 4
  },
  "pass_at_k": {
    "1": 0.19642857142857142,
    "2": 0.3321428571428572,
    "3": 0.42959183673469387,
    "4": 0.5027080062794348,
    "5": 0.559998037676609,
    "6": 0.6066255173398031,
    "7": 0.6457604895104895,
    "8": 0.6794150294150294,
    "9": 0.7089348151848152,
    "10": 0.7352736549165121,
    "11": 0.759141156462585,
    "12": 0.781083202511774,
    "13": 0.801530612244898,
    "14": 0.8208333333333334,
    "15": 0.8392857142857143,
    "16": 0.8571428571428571
  }
}