{
  "model": "corrfixed_s10",
  "n": 16,
  "num_tasks": 14,
  "per_task_correct": {
    "wc_words": 14,
    "wc_lines": 16,
    "file_size": 16,
    "list_etc": 0,
    "find_py": 5,
    "find_exec": 0,
    "sort_uniq": 1,
    "head_lines": 3,
    "grep_ip": 0,
    "awk_users": 8,
    "python_version": 5,
    "os_info": 7,
    "pwd_check": 0,
    "env_home": 4
  },
  "pass_at_k": {
    "1": 0.35267857142857145,
    "2": 0.46190476190476193,
    "3": 0.5317602040816326,
    "4": 0.5796310832025118,
    "5": 0.6130952380952381,
    "6": 0.6368542172113602,
    "7": 0.6540521978021978,
    "8": 0.6667943167943168,
    "9": 0.6765047452547452,
    "10": 0.6841640502354788,
    "11": 0.6904598377812663,
    "12": 0.6958791208791208,
    "13": 0.7007653061224489,
    "14": 0.7053571428571429,
    "15": 0.7098214285714286,
    "16": 0.7142857142857143
  }
}