{
  "model": "coverage_s1",
  "n": 16,
  "num_tasks": 14,
  "per_task_correct": {
    "wc_words": 8,
    "wc_lines": 2,
    "file_size": 7,
    "list_etc": 4,
    "find_py": 1,
    "find_exec": 0,
    "sort_uniq": 1,
    "head_lines": 5,
    "grep_ip": 0,
    "awk_users": 4,
    "python_version": 5,
    "os_info": 0,
    "pwd_check": 0,
    "env_home": 1
  },
  "pass_at_k": {
    "1": 0.16964285714285715,
    "2": 0.29047619047619044,
    "3": 0.3776785714285714,
    "4": 0.4418367346938776,
    "5": 0.49023744113029827,
    "6": 0.5278471528471529,
    "7": 0.5580357142857143,
    "8": 0.5830946830946832,
    "9": 0.6045954045954046,
    "10": 0.6236263736263735,
    "11": 0.6409438775510204,
    "12": 0.6570643642072213,
    "13": 0.6723214285714285,
    "14": 0.6869047619047619,
    "15": 0.7008928571428571,
    "16": 0.7142857142857143
  }
}