{
  "model": "corrfixed_s1",
  "n": 16,
  "num_tasks": 14,
  "per_task_correct": {
    "wc_words": 15,
    "wc_lines": 13,
    "file_size": 15,
    "list_etc": 0,
    "find_py": 4,
    "find_exec": 1,
    "sort_uniq": 0,
    "head_lines": 2,
    "grep_ip": 0,
    "awk_users": 6,
    "python_version": 0,
    "os_info": 0,
    "pwd_check": 0,
    "env_home": 0
  },
  "pass_at_k": {
    "1": 0.25,
    "2": 0.3154761904761905,
    "3": 0.3520408163265306,
    "4": 0.37947409733124016,
    "5": 0.401082548403977,
    "6": 0.41845654345654343,
    "7": 0.43269855144855146,
    "8": 0.44462204462204463,
    "9": 0.4548139360639361,
    "10": 0.463688097616669,
    "11": 0.471529958137101,
    "12": 0.4785321821036107,
    "13": 0.48482142857142857,
    "14": 0.4904761904761905,
    "15": 0.4955357142857143,
    "16": 0.5
  }
}