{
  "model": "corrmgda_s8",
  "n": 16,
  "num_tasks": 14,
  "per_task_correct": {
    "wc_words": 15,
    "wc_lines": 15,
    "file_size": 15,
    "list_etc": 0,
    "find_py": 1,
    "find_exec": 0,
    "sort_uniq": 2,
    "head_lines": 15,
    "grep_ip": 4,
    "awk_users": 13,
    "python_version": 16,
    "os_info": 5,
    "pwd_check": 11,
    "env_home": 13
  },
  "pass_at_k": {
    "1": 0.5580357142857143,
    "2": 0.6589285714285714,
    "3": 0.7020408163265307,
    "4": 0.7317111459968603,
    "5": 0.7547749869178441,
    "6": 0.7733516483516484,
    "7": 0.7885302197802198,
    "8": 0.801098901098901,
    "9": 0.8116758241758241,
    "10": 0.8207417582417582,
    "11": 0.828656462585034,
    "12": 0.8356750392464678,
    "13": 0.8419642857142857,
    "14": 0.8476190476190476,
    "15": 0.8526785714285714,
    "16": 0.8571428571428571
  }
}