{
  "model": "coverage_s10",
  "n": 16,
  "num_tasks": 14,
  "per_task_correct": {
    "wc_words": 5,
    "wc_lines": 4,
    "file_size": 6,
    "list_etc": 7,
    "find_py": 0,
    "find_exec": 0,
    "sort_uniq": 1,
    "head_lines": 4,
    "grep_ip": 1,
    "awk_users": 2,
    "python_version": 1,
    "os_info": 1,
    "pwd_check": 1,
    "env_home": 4
  },
  "pass_at_k": {
    "1": 0.16517857142857142,
    "2": 0.29166666666666663,
    "3": 0.3892857142857143,
    "4": 0.46558084772370484,
    "5": 0.5262787807430664,
    "6": 0.5756743256743257,
    "7": 0.6169517982017982,
    "8": 0.6524475524475524,
    "9": 0.68385989010989,
    "10": 0.7124125874125874,
    "11": 0.7389782836211408,
    "12": 0.7641679748822606,
    "13": 0.7883928571428571,
    "14": 0.8119047619047619,
    "15": 0.8348214285714286,
    "16": 0.8571428571428571
  }
}