{
  "model": "corrdir_s9",
  "n": 16,
  "num_tasks": 14,
  "per_task_correct": {
    "wc_words": 16,
    "wc_lines": 16,
    "file_size": 16,
    "list_etc": 0,
    "find_py": 3,
    "find_exec": 0,
    "sort_uniq": 2,
    "head_lines": 4,
    "grep_ip": 0,
    "awk_users": 10,
    "python_version": 1,
    "os_info": 5,
    "pwd_check": 2,
    "env_home": 3
  },
  "pass_at_k": {
    "1": 0.3482142857142857,
    "2": 0.44107142857142856,
    "3": 0.5102040816326531,
    "4": 0.5644819466248038,
    "5": 0.6084347200418628,
    "6": 0.6445161980876266,
    "7": 0.6742445054945055,
    "8": 0.6987179487179488,
    "9": 0.7188186813186813,
    "10": 0.7352825745682888,
    "11": 0.7487244897959184,
    "12": 0.7596546310832025,
    "13": 0.7684948979591837,
    "14": 0.7755952380952381,
    "15": 0.78125,
    "16": 0.7857142857142857
  }
}