{
  "model": "corrmgda_s6",
  "n": 16,
  "num_tasks": 14,
  "per_task_correct": {
    "wc_words": 16,
    "wc_lines": 9,
    "file_size": 14,
    "list_etc": 0,
    "find_py": 0,
    "find_exec": 0,
    "sort_uniq": 3,
    "head_lines": 14,
    "grep_ip": 1,
    "awk_users": 9,
    "python_version": 12,
    "os_info": 5,
    "pwd_check": 6,
    "env_home": 12
  },
  "pass_at_k": {
    "1": 0.45089285714285715,
    "2": 0.5839285714285715,
    "3": 0.6448979591836734,
    "4": 0.6800627943485086,
    "5": 0.7031985871271585,
    "6": 0.7196464250035678,
    "7": 0.7319992507492508,
    "8": 0.7416916416916417,
    "9": 0.7495941558441558,
    "10": 0.7562705151990866,
    "11": 0.7621009942438514,
    "12": 0.7673469387755103,
    "13": 0.7721938775510203,
    "14": 0.7767857142857143,
    "15": 0.78125,
    "16": 0.7857142857142857
  }
}