{
  "model": "corrmgda_s4",
  "n": 16,
  "num_tasks": 14,
  "per_task_correct": {
    "wc_words": 16,
    "wc_lines": 13,
    "file_size": 15,
    "list_etc": 0,
    "find_py": 0,
    "find_exec": 0,
    "sort_uniq": 1,
    "head_lines": 13,
    "grep_ip": 2,
    "awk_users": 8,
    "python_version": 16,
    "os_info": 7,
    "pwd_check": 10,
    "env_home": 5
  },
  "pass_at_k": {
    "1": 0.4732142857142857,
    "2": 0.5857142857142856,
    "3": 0.6395408163265307,
    "4": 0.6716248037676609,
    "5": 0.6932397959183673,
    "6": 0.7091569145140574,
    "7": 0.7217719780219781,
    "8": 0.7323620823620824,
    "9": 0.7416146353646355,
    "10": 0.7499018838304553,
    "11": 0.757424123495552,
    "12": 0.7642857142857142,
    "13": 0.7705357142857142,
    "14": 0.7761904761904762,
    "15": 0.78125,
    "16": 0.7857142857142857
  }
}