{
  "model": "corrs1",
  "n": 16,
  "num_tasks": 14,
  "per_task_correct": {
    "wc_words": 16,
    "wc_lines": 16,
    "file_size": 16,
    "list_etc": 0,
    "find_py": 1,
    "find_exec": 0,
    "sort_uniq": 3,
    "head_lines": 14,
    "grep_ip": 0,
    "awk_users": 16,
    "python_version": 8,
    "os_info": 0,
    "pwd_check": 2,
    "env_home": 5
  },
  "pass_at_k": {
    "1": 0.4330357142857143,
    "2": 0.5011904761904762,
    "3": 0.5451530612244898,
    "4": 0.577668759811617,
    "5": 0.6029238618524333,
    "6": 0.6231803910375339,
    "7": 0.6398538961038961,
    "8": 0.6538406038406038,
    "9": 0.6657280219780219,
    "10": 0.6759222919937206,
    "11": 0.684720041862899,
    "12": 0.6923469387755102,
    "13": 0.6989795918367347,
    "14": 0.7047619047619048,
    "15": 0.7098214285714286,
    "16": 0.7142857142857143
  }
}