{
  "model": "Qwen/Qwen2.5-1.5B-Instruct",
  "n": 16,
  "num_tasks": 14,
  "per_task_correct": {
    "wc_words": 0,
    "wc_lines": 0,
    "file_size": 0,
    "list_etc": 0,
    "find_py": 0,
    "find_exec": 0,
    "sort_uniq": 0,
    "head_lines": 0,
    "grep_ip": 4,
    "awk_users": 14,
    "python_version": 6,
    "os_info": 15,
    "pwd_check": 6,
    "env_home": 4
  },
  "pass_at_k": {
    "1": 0.21875,
    "2": 0.29583333333333334,
    "3": 0.34183673469387754,
    "4": 0.3732339089481947,
    "5": 0.3944270015698587,
    "6": 0.4083416583416583,
    "7": 0.4171828171828172,
    "8": 0.42257742257742253,
    "9": 0.42569930069930073,
    "10": 0.4273761952333381,
    "11": 0.4281789638932496,
    "12": 0.42849293563579277,
    "13": 0.42857142857142855,
    "14": 0.42857142857142855,
    "15": 0.42857142857142855,
    "16": 0.42857142857142855
  }
}