{
  "model": "Qwen/Qwen2.5-1.5B-Instruct",
  "n": 16,
  "num_tasks": 14,
  "per_task_correct": {
    "wc_words": 0,
    "wc_lines": 0,
    "file_size": 0,
    "list_etc": 0,
    "find_py": 0,
    "find_exec": 0,
    "sort_uniq": 0,
    "head_lines": 0,
    "grep_ip": 13,
    "awk_users": 9,
    "python_version": 12,
    "os_info": 14,
    "pwd_check": 15,
    "env_home": 9
  },
  "pass_at_k": {
    "1": 0.32142857142857145,
    "2": 0.3976190476190476,
    "3": 0.41900510204081637,
    "4": 0.4257849293563579,
    "5": 0.42788461538461536,
    "6": 0.42844655344655347,
    "7": 0.42855894105894105,
    "8": 0.42857142857142855,
    "9": 0.42857142857142855,
    "10": 0.42857142857142855,
    "11": 0.42857142857142855,
    "12": 0.42857142857142855,
    "13": 0.42857142857142855,
    "14": 0.42857142857142855,
    "15": 0.42857142857142855,
    "16": 0.42857142857142855
  }
}