{
  "model": "coverage_s2",
  "n": 16,
  "num_tasks": 14,
  "per_task_correct": {
    "wc_words": 6,
    "wc_lines": 4,
    "file_size": 8,
    "list_etc": 8,
    "find_py": 0,
    "find_exec": 0,
    "sort_uniq": 1,
    "head_lines": 7,
    "grep_ip": 2,
    "awk_users": 4,
    "python_version": 3,
    "os_info": 2,
    "pwd_check": 0,
    "env_home": 3
  },
  "pass_at_k": {
    "1": 0.21428571428571427,
    "2": 0.3619047619047619,
    "3": 0.4654336734693878,
    "4": 0.5399136577708007,
    "5": 0.5951236263736265,
    "6": 0.6372823604966461,
    "7": 0.670285964035964,
    "8": 0.6965756465756465,
    "9": 0.7177197802197802,
    "10": 0.7347830740687884,
    "11": 0.748544610151753,
    "12": 0.7596153846153847,
    "13": 0.7684948979591837,
    "14": 0.7755952380952381,
    "15": 0.78125,
    "16": 0.7857142857142857
  }
}