{
  "model": "Qwen/Qwen2.5-1.5B-Instruct",
  "n": 16,
  "num_tasks": 14,
  "per_task_correct": {
    "wc_words": 0,
    "wc_lines": 0,
    "file_size": 1,
    "list_etc": 0,
    "find_py": 0,
    "find_exec": 0,
    "sort_uniq": 0,
    "head_lines": 2,
    "grep_ip": 3,
    "awk_users": 8,
    "python_version": 16,
    "os_info": 6,
    "pwd_check": 9,
    "env_home": 9
  },
  "pass_at_k": {
    "1": 0.24107142857142858,
    "2": 0.33988095238095234,
    "3": 0.3991071428571429,
    "4": 0.43677394034536887,
    "5": 0.46281397174254313,
    "6": 0.48244612530326814,
    "7": 0.4982954545454545,
    "8": 0.5116494616494617,
    "9": 0.5231518481518481,
    "10": 0.5331543456543456,
    "11": 0.5418792517006803,
    "12": 0.5494897959183673,
    "13": 0.5561224489795918,
    "14": 0.5619047619047619,
    "15": 0.5669642857142857,
    "16": 0.5714285714285714
  }
}