{
  "model": "Qwen/Qwen2.5-1.5B-Instruct",
  "n": 16,
  "num_tasks": 14,
  "per_task_correct": {
    "wc_words": 14,
    "wc_lines": 12,
    "file_size": 15,
    "list_etc": 0,
    "find_py": 3,
    "find_exec": 0,
    "sort_uniq": 2,
    "head_lines": 14,
    "grep_ip": 3,
    "awk_users": 9,
    "python_version": 16,
    "os_info": 5,
    "pwd_check": 11,
    "env_home": 10
  },
  "pass_at_k": {
    "1": 0.5089285714285714,
    "2": 0.6452380952380953,
    "3": 0.7079081632653061,
    "4": 0.746585557299843,
    "5": 0.7743001046572475,
    "6": 0.7955526616240902,
    "7": 0.8122190309690309,
    "8": 0.8252747252747252,
    "9": 0.8353708791208792,
    "10": 0.8430141287284145,
    "11": 0.8486231030873889,
    "12": 0.8525510204081632,
    "13": 0.8551020408163266,
    "14": 0.8565476190476191,
    "15": 0.8571428571428571,
    "16": 0.8571428571428571
  }
}