{
  "model": "corrmgda_s1",
  "n": 16,
  "num_tasks": 14,
  "per_task_correct": {
    "wc_words": 15,
    "wc_lines": 12,
    "file_size": 15,
    "list_etc": 0,
    "find_py": 0,
    "find_exec": 1,
    "sort_uniq": 1,
    "head_lines": 15,
    "grep_ip": 2,
    "awk_users": 14,
    "python_version": 16,
    "os_info": 6,
    "pwd_check": 12,
    "env_home": 12
  },
  "pass_at_k": {
    "1": 0.5401785714285714,
    "2": 0.6398809523809524,
    "3": 0.6778061224489795,
    "4": 0.7023547880690738,
    "5": 0.7220695970695971,
    "6": 0.7391983016983017,
    "7": 0.7546078921078921,
    "8": 0.7687978687978687,
    "9": 0.7820804195804196,
    "10": 0.7946339374910804,
    "11": 0.806547619047619,
    "12": 0.8178571428571428,
    "13": 0.8285714285714285,
    "14": 0.8386904761904762,
    "15": 0.8482142857142857,
    "16": 0.8571428571428571
  }
}