{
  "model": "corrdir_s1",
  "n": 16,
  "num_tasks": 14,
  "per_task_correct": {
    "wc_words": 16,
    "wc_lines": 16,
    "file_size": 16,
    "list_etc": 0,
    "find_py": 4,
    "find_exec": 0,
    "sort_uniq": 1,
    "head_lines": 16,
    "grep_ip": 0,
    "awk_users": 16,
    "python_version": 16,
    "os_info": 16,
    "pwd_check": 16,
    "env_home": 14
  },
  "pass_at_k": {
    "1": 0.65625,
    "2": 0.6833333333333333,
    "3": 0.6996173469387755,
    "4": 0.7127158555729984,
    "5": 0.7236558084772371,
    "6": 0.7328296703296704,
    "7": 0.7405906593406594,
    "8": 0.7472527472527473,
    "9": 0.7530906593406593,
    "10": 0.7583398744113029,
    "11": 0.7631966248037677,
    "12": 0.7678178963893251,
    "13": 0.7723214285714286,
    "14": 0.7767857142857143,
    "15": 0.78125,
    "16": 0.7857142857142857
  }
}