{
  "model": "corrdir_s8",
  "n": 16,
  "num_tasks": 14,
  "per_task_correct": {
    "wc_words": 12,
    "wc_lines": 16,
    "file_size": 12,
    "list_etc": 0,
    "find_py": 4,
    "find_exec": 0,
    "sort_uniq": 2,
    "head_lines": 7,
    "grep_ip": 0,
    "awk_users": 10,
    "python_version": 5,
    "os_info": 13,
    "pwd_check": 3,
    "env_home": 1
  },
  "pass_at_k": {
    "1": 0.3794642857142857,
    "2": 0.5113095238095238,
    "3": 0.5812499999999999,
    "4": 0.6268053375196232,
    "5": 0.6601582940868654,
    "6": 0.6858587840730698,
    "7": 0.7061625874125873,
    "8": 0.7224775224775224,
    "9": 0.7357767232767233,
    "10": 0.7467621664050236,
    "11": 0.755952380952381,
    "12": 0.7637362637362637,
    "13": 0.7704081632653061,
    "14": 0.7761904761904762,
    "15": 0.78125,
    "16": 0.7857142857142857
  }
}