{
  "model": "corrmgda_s9",
  "n": 16,
  "num_tasks": 14,
  "per_task_correct": {
    "wc_words": 13,
    "wc_lines": 14,
    "file_size": 15,
    "list_etc": 0,
    "find_py": 0,
    "find_exec": 2,
    "sort_uniq": 1,
    "head_lines": 13,
    "grep_ip": 2,
    "awk_users": 10,
    "python_version": 16,
    "os_info": 3,
    "pwd_check": 11,
    "env_home": 7
  },
  "pass_at_k": {
    "1": 0.47767857142857145,
    "2": 0.5994047619047619,
    "3": 0.6549744897959184,
    "4": 0.6912087912087912,
    "5": 0.7193386970172685,
    "6": 0.7428642785785643,
    "7": 0.7631680819180818,
    "8": 0.7809024309024309,
    "9": 0.7964223276723276,
    "10": 0.8099489795918366,
    "11": 0.821641156462585,
    "12": 0.8316326530612245,
    "13": 0.8400510204081633,
    "14": 0.8470238095238096,
    "15": 0.8526785714285714,
    "16": 0.8571428571428571
  }
}