{
  "model": "mgdas2",
  "n": 16,
  "num_tasks": 14,
  "per_task_correct": {
    "wc_words": 16,
    "wc_lines": 16,
    "file_size": 14,
    "list_etc": 0,
    "find_py": 1,
    "find_exec": 1,
    "sort_uniq": 2,
    "head_lines": 16,
    "grep_ip": 6,
    "awk_users": 13,
    "python_version": 16,
    "os_info": 7,
    "pwd_check": 10,
    "env_home": 10
  },
  "pass_at_k": {
    "1": 0.5714285714285714,
    "2": 0.680952380952381,
    "3": 0.7348214285714285,
    "4": 0.767778649921507,
    "5": 0.7912414965986395,
    "6": 0.8098597830740688,
    "7": 0.8258116883116883,
    "8": 0.8401764901764902,
    "9": 0.8535027472527472,
    "10": 0.8660625089196518,
    "11": 0.8779761904761905,
    "12": 0.8892857142857142,
    "13": 0.9,
    "14": 0.9101190476190476,
    "15": 0.9196428571428571,
    "16": 0.9285714285714286
  }
}