{
  "model": "corrfixed_s7",
  "n": 16,
  "num_tasks": 14,
  "per_task_correct": {
    "wc_words": 16,
    "wc_lines": 16,
    "file_size": 16,
    "list_etc": 0,
    "find_py": 9,
    "find_exec": 0,
    "sort_uniq": 1,
    "head_lines": 12,
    "grep_ip": 0,
    "awk_users": 14,
    "python_version": 13,
    "os_info": 14,
    "pwd_check": 13,
    "env_home": 11
  },
  "pass_at_k": {
    "1": 0.6026785714285714,
    "2": 0.6964285714285714,
    "3": 0.7211734693877551,
    "4": 0.7305337519623233,
    "5": 0.7362473835688121,
    "6": 0.741008991008991,
    "7": 0.7455294705294706,
    "8": 0.75,
    "9": 0.7544642857142857,
    "10": 0.7589285714285714,
    "11": 0.7633928571428571,
    "12": 0.7678571428571429,
    "13": 0.7723214285714286,
    "14": 0.7767857142857143,
    "15": 0.78125,
    "16": 0.7857142857142857
  }
}