{
  "model": "corrmgda_s3",
  "n": 16,
  "num_tasks": 14,
  "per_task_correct": {
    "wc_words": 16,
    "wc_lines": 13,
    "file_size": 14,
    "list_etc": 0,
    "find_py": 1,
    "find_exec": 1,
    "sort_uniq": 1,
    "head_lines": 16,
    "grep_ip": 6,
    "awk_users": 10,
    "python_version": 16,
    "os_info": 4,
    "pwd_check": 12,
    "env_home": 10
  },
  "pass_at_k": {
    "1": 0.5357142857142857,
    "2": 0.6511904761904762,
    "3": 0.7053571428571429,
    "4": 0.7389717425431711,
    "5": 0.7639815541601257,
    "6": 0.7845101327244184,
    "7": 0.8023414085914087,
    "8": 0.8184315684315685,
    "9": 0.8333853646353646,
    "10": 0.8476166690452406,
    "11": 0.8614109105180534,
    "12": 0.8749607535321822,
    "13": 0.8883928571428571,
    "14": 0.9017857142857143,
    "15": 0.9151785714285714,
    "16": 0.9285714285714286
  }
}